{
  "run_id": 0,
  "best_win_rate": 0.27,
  "best_weights": [
    2.758436899808822,
    7.6459018437917665,
    3.6590946900366492,
    27.685363309126863,
    5.394748723981386,
    11.026623408903887,
    28.62910497953547,
    -2.9525776295056985,
    4.933244090498107,
    13.995522439882745,
    -13.560028962269977,
    39.22260330348937,
    5.897073589330069,
    2.2824635714321158
  ],
  "fitness_log": [
    0.235,
    0.175,
    0.25,
    0.28,
    0.195,
    0.205,
    0.175,
    0.215,
    0.27,
    0.25,
    0.33,
    0.285,
    0.265,
    0.275,
    0.31,
    0.31,
    0.265,
    0.315,
    0.345,
    0.245,
    0.265,
    0.305,
    0.225,
    0.345,
    0.29,
    0.25,
    0.29,
    0.245,
    0.33,
    0.365,
    0.3,
    0.255,
    0.27,
    0.315,
    0.215,
    0.285,
    0.275,
    0.325,
    0.23,
    0.26,
    0.3,
    0.28,
    0.315,
    0.3,
    0.255,
    0.245,
    0.3,
    0.3,
    0.27,
    0.28,
    0.3,
    0.25,
    0.275,
    0.325,
    0.285,
    0.335,
    0.275,
    0.27,
    0.325,
    0.31,
    0.3,
    0.295,
    0.27,
    0.32,
    0.25,
    0.26,
    0.335,
    0.325,
    0.36,
    0.24,
    0.265,
    0.325,
    0.235,
    0.235,
    0.345,
    0.255,
    0.255,
    0.27,
    0.29,
    0.265,
    0.31,
    0.285,
    0.37,
    0.25,
    0.295,
    0.225,
    0.315,
    0.39,
    0.285,
    0.305,
    0.315,
    0.265,
    0.285,
    0.28,
    0.275,
    0.27,
    0.285,
    0.255,
    0.32,
    0.285,
    0.305,
    0.305,
    0.32,
    0.285,
    0.345,
    0.27,
    0.305,
    0.34,
    0.28,
    0.245,
    0.325,
    0.295,
    0.345,
    0.33,
    0.295,
    0.27,
    0.255,
    0.275,
    0.315,
    0.29,
    0.325,
    0.295,
    0.3,
    0.355,
    0.32,
    0.28,
    0.28,
    0.315,
    0.285,
    0.265,
    0.315,
    0.26,
    0.275,
    0.305,
    0.28,
    0.275,
    0.255,
    0.31,
    0.245,
    0.305,
    0.33,
    0.305,
    0.215,
    0.27,
    0.385,
    0.32,
    0.28,
    0.29,
    0.285,
    0.28,
    0.355,
    0.3,
    0.365,
    0.31,
    0.315,
    0.335,
    0.335,
    0.34,
    0.28,
    0.305,
    0.32,
    0.245,
    0.34,
    0.285,
    0.28,
    0.275,
    0.28,
    0.265,
    0.265,
    0.295,
    0.29,
    0.26,
    0.31,
    0.235,
    0.335,
    0.33,
    0.305,
    0.3,
    0.34,
    0.29,
    0.315,
    0.345,
    0.285,
    0.22,
    0.285,
    0.34,
    0.34,
    0.325,
    0.32,
    0.3,
    0.26,
    0.28,
    0.33,
    0.29,
    0.305,
    0.335,
    0.29,
    0.295,
    0.28,
    0.355,
    0.28,
    0.26,
    0.305,
    0.295,
    0.32,
    0.25,
    0.285,
    0.24,
    0.32,
    0.29,
    0.265,
    0.42,
    0.265,
    0.28,
    0.255,
    0.23,
    0.24,
    0.355,
    0.335,
    0.315,
    0.285,
    0.31,
    0.305,
    0.28,
    0.385,
    0.32,
    0.32,
    0.305,
    0.34,
    0.35,
    0.24,
    0.255,
    0.345,
    0.33,
    0.305,
    0.255,
    0.245,
    0.295,
    0.295,
    0.31,
    0.31,
    0.28,
    0.295,
    0.29,
    0.305,
    0.325,
    0.265,
    0.3,
    0.35,
    0.265,
    0.315,
    0.31,
    0.275,
    0.27,
    0.315,
    0.315,
    0.3,
    0.26,
    0.295,
    0.275,
    0.315,
    0.37,
    0.29,
    0.29,
    0.295,
    0.325,
    0.315,
    0.28,
    0.33,
    0.26,
    0.36,
    0.305,
    0.305,
    0.265,
    0.24,
    0.285,
    0.305,
    0.29,
    0.34,
    0.28,
    0.27,
    0.25,
    0.315,
    0.255,
    0.39,
    0.28,
    0.31,
    0.33,
    0.28,
    0.175,
    0.385,
    0.24,
    0.31,
    0.35,
    0.295,
    0.305,
    0.26,
    0.28,
    0.275,
    0.285
  ],
  "generations": 300,
  "opponent": "alphabeta",
  "opponent_depth": 2,
  "games_per_eval": 200,
  "tier_best": {
    "sky": [
      2.7440531719568093,
      7.6486642542578025,
      3.426344845577214
    ],
    "ground": [
      70.09364107298609,
      28.805756123846713,
      43.335803154789744,
      56.40450073851728,
      -38.25767703483475,
      6.556471643139556,
      13.014210358895019,
      -5.510705765134777
    ],
    "underworld": [
      36.92472920219734,
      5.765548074465216,
      2.189671820285169
    ]
  }
}