{
  "run_id": 0,
  "best_win_rate": 0.36666666666666664,
  "best_weights": [
    1.9413023232694995,
    4.37713780377355,
    1.7475051703286337,
    -2.2895903933653576,
    -2.1391680299718114,
    8.410266318298763,
    -2.7296370984720943,
    2.491915083022781,
    3.3284920266418667,
    -6.848573644013955,
    -5.772860987406402,
    2.5780934702530596,
    1.7025237314879171,
    0.4207051863035548
  ],
  "fitness_log": [
    0.26666666666666666,
    0.26666666666666666,
    0.23333333333333334,
    0.3333333333333333,
    0.4,
    0.3333333333333333,
    0.3,
    0.36666666666666664,
    0.3,
    0.4,
    0.3,
    0.3333333333333333,
    0.4,
    0.36666666666666664,
    0.4,
    0.3,
    0.36666666666666664,
    0.3,
    0.36666666666666664,
    0.4,
    0.36666666666666664,
    0.36666666666666664,
    0.36666666666666664,
    0.4,
    0.6,
    0.4,
    0.4,
    0.4666666666666667,
    0.5,
    0.3333333333333333,
    0.4,
    0.3,
    0.4,
    0.36666666666666664,
    0.36666666666666664,
    0.36666666666666664,
    0.3,
    0.43333333333333335,
    0.3333333333333333,
    0.43333333333333335,
    0.4,
    0.4666666666666667,
    0.36666666666666664,
    0.5333333333333333,
    0.4666666666666667,
    0.4,
    0.43333333333333335,
    0.43333333333333335,
    0.36666666666666664,
    0.36666666666666664,
    0.36666666666666664,
    0.36666666666666664,
    0.4666666666666667,
    0.36666666666666664,
    0.3333333333333333,
    0.36666666666666664,
    0.3,
    0.4,
    0.4,
    0.4666666666666667,
    0.4,
    0.36666666666666664,
    0.4,
    0.3333333333333333,
    0.36666666666666664,
    0.36666666666666664,
    0.3333333333333333,
    0.4,
    0.36666666666666664,
    0.43333333333333335,
    0.36666666666666664,
    0.4,
    0.36666666666666664,
    0.4,
    0.3333333333333333,
    0.36666666666666664,
    0.3,
    0.36666666666666664,
    0.4,
    0.4,
    0.43333333333333335,
    0.3,
    0.4,
    0.5,
    0.36666666666666664,
    0.3333333333333333,
    0.36666666666666664,
    0.43333333333333335,
    0.43333333333333335,
    0.4,
    0.5,
    0.4,
    0.3,
    0.36666666666666664,
    0.43333333333333335,
    0.4,
    0.3333333333333333,
    0.36666666666666664,
    0.3333333333333333,
    0.3333333333333333,
    0.3333333333333333,
    0.36666666666666664,
    0.3333333333333333,
    0.3,
    0.43333333333333335,
    0.4666666666666667,
    0.36666666666666664,
    0.43333333333333335,
    0.3333333333333333,
    0.5,
    0.36666666666666664,
    0.4,
    0.4,
    0.36666666666666664,
    0.36666666666666664,
    0.3333333333333333,
    0.3333333333333333,
    0.43333333333333335,
    0.43333333333333335,
    0.3333333333333333,
    0.36666666666666664,
    0.36666666666666664,
    0.36666666666666664,
    0.4,
    0.43333333333333335,
    0.3,
    0.36666666666666664,
    0.43333333333333335,
    0.43333333333333335,
    0.4,
    0.3333333333333333,
    0.43333333333333335,
    0.4,
    0.4666666666666667,
    0.3333333333333333,
    0.36666666666666664,
    0.4,
    0.36666666666666664,
    0.36666666666666664,
    0.43333333333333335,
    0.3333333333333333,
    0.36666666666666664,
    0.36666666666666664,
    0.36666666666666664,
    0.4666666666666667,
    0.43333333333333335,
    0.4,
    0.36666666666666664,
    0.5333333333333333,
    0.36666666666666664,
    0.36666666666666664,
    0.36666666666666664,
    0.4,
    0.3,
    0.43333333333333335,
    0.36666666666666664,
    0.36666666666666664,
    0.36666666666666664,
    0.3333333333333333,
    0.3,
    0.43333333333333335,
    0.43333333333333335,
    0.36666666666666664,
    0.4,
    0.36666666666666664,
    0.4,
    0.36666666666666664,
    0.3333333333333333,
    0.43333333333333335,
    0.4,
    0.36666666666666664,
    0.4,
    0.3333333333333333,
    0.4666666666666667,
    0.36666666666666664,
    0.3,
    0.4,
    0.43333333333333335,
    0.26666666666666666,
    0.5666666666666667,
    0.36666666666666664,
    0.4,
    0.43333333333333335,
    0.3333333333333333,
    0.43333333333333335,
    0.4,
    0.4,
    0.36666666666666664,
    0.4,
    0.36666666666666664,
    0.3333333333333333,
    0.3,
    0.4,
    0.3333333333333333,
    0.4,
    0.36666666666666664,
    0.3333333333333333,
    0.4,
    0.5333333333333333,
    0.3333333333333333,
    0.5,
    0.4666666666666667,
    0.36666666666666664,
    0.4666666666666667,
    0.43333333333333335,
    0.3,
    0.3333333333333333,
    0.36666666666666664,
    0.3333333333333333,
    0.4,
    0.3333333333333333,
    0.3333333333333333,
    0.3333333333333333,
    0.3333333333333333,
    0.4,
    0.4,
    0.43333333333333335,
    0.4666666666666667,
    0.3333333333333333,
    0.3333333333333333,
    0.36666666666666664,
    0.36666666666666664,
    0.4,
    0.4,
    0.4,
    0.43333333333333335,
    0.36666666666666664,
    0.4,
    0.3,
    0.3,
    0.4,
    0.5,
    0.3333333333333333,
    0.3,
    0.36666666666666664,
    0.36666666666666664,
    0.36666666666666664,
    0.4,
    0.43333333333333335,
    0.36666666666666664,
    0.3333333333333333,
    0.4,
    0.3,
    0.3,
    0.3333333333333333,
    0.43333333333333335,
    0.4,
    0.4666666666666667,
    0.4,
    0.36666666666666664,
    0.43333333333333335,
    0.3333333333333333,
    0.3333333333333333,
    0.36666666666666664,
    0.43333333333333335,
    0.36666666666666664,
    0.4,
    0.43333333333333335,
    0.4,
    0.36666666666666664,
    0.4,
    0.4666666666666667,
    0.43333333333333335,
    0.4,
    0.4,
    0.36666666666666664,
    0.3333333333333333,
    0.4,
    0.3333333333333333,
    0.36666666666666664,
    0.3,
    0.3333333333333333,
    0.36666666666666664,
    0.36666666666666664,
    0.4,
    0.36666666666666664,
    0.4,
    0.36666666666666664,
    0.4,
    0.43333333333333335,
    0.4,
    0.4,
    0.4,
    0.43333333333333335,
    0.36666666666666664,
    0.4666666666666667,
    0.3333333333333333,
    0.3,
    0.36666666666666664,
    0.4,
    0.43333333333333335,
    0.36666666666666664,
    0.36666666666666664,
    0.5333333333333333,
    0.43333333333333335,
    0.43333333333333335,
    0.36666666666666664,
    0.3333333333333333,
    0.36666666666666664,
    0.43333333333333335
  ],
  "generations": 300,
  "opponent": "alphabeta",
  "opponent_depth": 2,
  "games_per_eval": 30
}