{
  "run_id": 0,
  "best_win_rate": 1.0,
  "best_weights": [
    2.012100204436676,
    2.7814736013913977,
    8.22005489507659,
    4.119052751784006,
    7.8150898818969505,
    3.771853174748507,
    2.494110397881038,
    4.211294282128123,
    3.48282820952372,
    9.838206418505271,
    -0.2703504802746657,
    0.8098779229298669,
    2.6300984418286144,
    1.6369341361733332
  ],
  "fitness_log": [
    1.0,
    1.0,
    1.0,
    0.9,
    0.9,
    0.9,
    1.0,
    1.0,
    1.0,
    1.0,
    0.9,
    0.9,
    0.9,
    0.9,
    1.0,
    1.0,
    0.9,
    0.9,
    1.0,
    1.0
  ],
  "generations": 20,
  "opponent": "greedy",
  "games_per_eval": 10
}