{
  "run_id": 1,
  "best_win_rate": 1.0,
  "best_weights": [
    0.9435129940824765,
    2.428362157246932,
    9.11104715130791,
    5.848987376764561,
    8.690705184995883,
    3.968434793292362,
    1.4217558494179134,
    5.978379594145532,
    5.37927640418053,
    8.102183384775115,
    2.828144781366145,
    1.1613906010575696,
    3.529092949054676,
    2.7107943894244158
  ],
  "fitness_log": [
    0.9,
    1.0,
    0.9,
    0.9,
    0.9,
    1.0,
    1.0,
    1.0,
    1.0,
    1.0,
    1.0,
    1.0,
    1.0,
    0.9,
    0.9,
    0.9,
    0.9,
    1.0,
    0.9,
    1.0
  ],
  "generations": 20,
  "opponent": "greedy",
  "games_per_eval": 10
}