{
  "run_id": 2,
  "best_win_rate": 1.0,
  "best_weights": [
    -0.6454130010302604,
    2.099174119450183,
    9.122622002291296,
    6.740057702706108,
    6.548752695533435,
    5.554605037872808,
    2.767432851162774,
    5.794208593402447,
    6.398474137597515,
    8.735993832373191,
    1.4608468008108013,
    2.192510340315886,
    4.21463578474395,
    0.7863180647500978
  ],
  "fitness_log": [
    0.9,
    1.0,
    1.0,
    1.0,
    1.0,
    1.0,
    0.9,
    1.0,
    1.0,
    0.9,
    0.9,
    1.0,
    0.9,
    0.9,
    0.8,
    1.0,
    1.0,
    1.0,
    1.0,
    1.0
  ],
  "generations": 20,
  "opponent": "greedy",
  "games_per_eval": 10
}