{
  "runs": [
    {
      "run_id": 0,
      "best_win_rate": 1.0,
      "best_weights": [
        2.012100204436676,
        2.7814736013913977,
        8.22005489507659,
        4.119052751784006,
        7.8150898818969505,
        3.771853174748507,
        2.494110397881038,
        4.211294282128123,
        3.48282820952372,
        9.838206418505271,
        -0.2703504802746657,
        0.8098779229298669,
        2.6300984418286144,
        1.6369341361733332
      ],
      "fitness_log": [
        1.0,
        1.0,
        1.0,
        0.9,
        0.9,
        0.9,
        1.0,
        1.0,
        1.0,
        1.0,
        0.9,
        0.9,
        0.9,
        0.9,
        1.0,
        1.0,
        0.9,
        0.9,
        1.0,
        1.0
      ],
      "generations": 20,
      "opponent": "greedy",
      "games_per_eval": 10
    },
    {
      "run_id": 1,
      "best_win_rate": 1.0,
      "best_weights": [
        0.9435129940824765,
        2.428362157246932,
        9.11104715130791,
        5.848987376764561,
        8.690705184995883,
        3.968434793292362,
        1.4217558494179134,
        5.978379594145532,
        5.37927640418053,
        8.102183384775115,
        2.828144781366145,
        1.1613906010575696,
        3.529092949054676,
        2.7107943894244158
      ],
      "fitness_log": [
        0.9,
        1.0,
        0.9,
        0.9,
        0.9,
        1.0,
        1.0,
        1.0,
        1.0,
        1.0,
        1.0,
        1.0,
        1.0,
        0.9,
        0.9,
        0.9,
        0.9,
        1.0,
        0.9,
        1.0
      ],
      "generations": 20,
      "opponent": "greedy",
      "games_per_eval": 10
    },
    {
      "run_id": 2,
      "best_win_rate": 1.0,
      "best_weights": [
        -0.6454130010302604,
        2.099174119450183,
        9.122622002291296,
        6.740057702706108,
        6.548752695533435,
        5.554605037872808,
        2.767432851162774,
        5.794208593402447,
        6.398474137597515,
        8.735993832373191,
        1.4608468008108013,
        2.192510340315886,
        4.21463578474395,
        0.7863180647500978
      ],
      "fitness_log": [
        0.9,
        1.0,
        1.0,
        1.0,
        1.0,
        1.0,
        0.9,
        1.0,
        1.0,
        0.9,
        0.9,
        1.0,
        0.9,
        0.9,
        0.8,
        1.0,
        1.0,
        1.0,
        1.0,
        1.0
      ],
      "generations": 20,
      "opponent": "greedy",
      "games_per_eval": 10
    }
  ],
  "win_rate_mean": 1.0,
  "win_rate_std": 0.0
}