{
  "run_id": 1,
  "best_win_rate": 0.85,
  "best_weights": [
    -0.7007356340383315,
    2.75315538643437,
    7.4652275015613165,
    3.9989984549857613,
    5.908295713543049,
    5.146561537920407,
    2.0336401539612408,
    4.856231912993612,
    3.602107832988812,
    6.7407292626235265,
    0.3110911684525496,
    1.8055556171614544,
    4.015934808227503,
    1.919953869473595
  ],
  "fitness_log": [
    0.8,
    0.7,
    0.8,
    0.6,
    0.8,
    0.6,
    0.8,
    0.9,
    0.8,
    0.6,
    0.6,
    0.9,
    1.0,
    0.8,
    1.0,
    0.8,
    0.6,
    0.5,
    0.8,
    0.9
  ],
  "generations": 20,
  "opponent": "greedy",
  "games_per_eval": 10,
  "tier_best": {
    "sky": [
      -0.753941231413605,
      1.918457896679503,
      8.234328372598982
    ],
    "ground": [
      7.662191633104558,
      7.348064157334017,
      5.198951912981999,
      0.8400659060228598,
      3.3951089458637016,
      2.764412801286966,
      7.709303712215558,
      1.0230042326849917
    ],
    "underworld": [
      1.870921717085156,
      2.188898442439094,
      2.018497543049168
    ]
  }
}