{
  "run_id": 0,
  "best_win_rate": 0.8,
  "best_weights": [
    1.5028814171580427,
    0.7546911584183673,
    7.942012515475941,
    4.846504804323051,
    7.73094135817273,
    7.231394681145792,
    0.06518677115890714,
    4.612729323014497,
    4.370456113235888,
    9.35968484989845,
    1.50187916351441,
    2.4090277245305547,
    3.723815904719366,
    1.4830988765171278
  ],
  "fitness_log": [
    0.6,
    1.0,
    0.7,
    0.5,
    0.7,
    0.8,
    0.9,
    0.7,
    0.9,
    0.9,
    0.8,
    0.6,
    0.7,
    0.7,
    0.7,
    0.9,
    0.7,
    0.7,
    0.8,
    0.8
  ],
  "generations": 20,
  "opponent": "greedy",
  "games_per_eval": 10,
  "tier_best": {
    "sky": [
      3.5634446268275477,
      3.1789004486980463,
      11.87255998693827
    ],
    "ground": [
      4.476447876947217,
      6.325298472392792,
      6.969520600555818,
      2.1519444165552883,
      8.279227297660068,
      4.5669973974571185,
      8.715996395827062,
      0.7893324470013625
    ],
    "underworld": [
      2.38906879108183,
      1.4540550768527614,
      4.782136319509698
    ]
  }
}