{
  "run_id": 2,
  "best_win_rate": 0.75,
  "best_weights": [
    2.1539553491105377,
    1.9142804081867535,
    9.185298133863824,
    4.198743943477899,
    8.449823497253076,
    5.672301566980524,
    2.563358629961244,
    5.315089904943724,
    4.917256874112419,
    6.460799370229657,
    2.104334558782357,
    1.2397811330572752,
    3.344936384778252,
    4.398069391214393
  ],
  "fitness_log": [
    0.5,
    0.7,
    0.8,
    0.7,
    1.0,
    0.7,
    1.0,
    0.8,
    0.9,
    0.9,
    0.7,
    0.9,
    0.6,
    1.0,
    0.8,
    0.5,
    0.7,
    0.7,
    0.7,
    0.6
  ],
  "generations": 20,
  "opponent": "greedy",
  "games_per_eval": 10,
  "tier_best": {
    "sky": [
      1.0016297446647902,
      1.1508764461278966,
      10.111478435181356
    ],
    "ground": [
      0.4773685951878254,
      9.793323284938346,
      8.24686639513389,
      1.4198677367203385,
      7.152590720418011,
      5.086926829578466,
      6.405123503370879,
      2.8685321461584063
    ],
    "underworld": [
      -1.529599570413759,
      1.7151968946781437,
      9.540066628909393
    ]
  }
}