{
  "runs": [
    {
      "run_id": 0,
      "best_win_rate": 0.8,
      "best_weights": [
        1.5028814171580427,
        0.7546911584183673,
        7.942012515475941,
        4.846504804323051,
        7.73094135817273,
        7.231394681145792,
        0.06518677115890714,
        4.612729323014497,
        4.370456113235888,
        9.35968484989845,
        1.50187916351441,
        2.4090277245305547,
        3.723815904719366,
        1.4830988765171278
      ],
      "fitness_log": [
        0.6,
        1.0,
        0.7,
        0.5,
        0.7,
        0.8,
        0.9,
        0.7,
        0.9,
        0.9,
        0.8,
        0.6,
        0.7,
        0.7,
        0.7,
        0.9,
        0.7,
        0.7,
        0.8,
        0.8
      ],
      "generations": 20,
      "opponent": "greedy",
      "games_per_eval": 10,
      "tier_best": {
        "sky": [
          3.5634446268275477,
          3.1789004486980463,
          11.87255998693827
        ],
        "ground": [
          4.476447876947217,
          6.325298472392792,
          6.969520600555818,
          2.1519444165552883,
          8.279227297660068,
          4.5669973974571185,
          8.715996395827062,
          0.7893324470013625
        ],
        "underworld": [
          2.38906879108183,
          1.4540550768527614,
          4.782136319509698
        ]
      }
    },
    {
      "run_id": 1,
      "best_win_rate": 0.85,
      "best_weights": [
        -0.7007356340383315,
        2.75315538643437,
        7.4652275015613165,
        3.9989984549857613,
        5.908295713543049,
        5.146561537920407,
        2.0336401539612408,
        4.856231912993612,
        3.602107832988812,
        6.7407292626235265,
        0.3110911684525496,
        1.8055556171614544,
        4.015934808227503,
        1.919953869473595
      ],
      "fitness_log": [
        0.8,
        0.7,
        0.8,
        0.6,
        0.8,
        0.6,
        0.8,
        0.9,
        0.8,
        0.6,
        0.6,
        0.9,
        1.0,
        0.8,
        1.0,
        0.8,
        0.6,
        0.5,
        0.8,
        0.9
      ],
      "generations": 20,
      "opponent": "greedy",
      "games_per_eval": 10,
      "tier_best": {
        "sky": [
          -0.753941231413605,
          1.918457896679503,
          8.234328372598982
        ],
        "ground": [
          7.662191633104558,
          7.348064157334017,
          5.198951912981999,
          0.8400659060228598,
          3.3951089458637016,
          2.764412801286966,
          7.709303712215558,
          1.0230042326849917
        ],
        "underworld": [
          1.870921717085156,
          2.188898442439094,
          2.018497543049168
        ]
      }
    },
    {
      "run_id": 2,
      "best_win_rate": 0.75,
      "best_weights": [
        2.1539553491105377,
        1.9142804081867535,
        9.185298133863824,
        4.198743943477899,
        8.449823497253076,
        5.672301566980524,
        2.563358629961244,
        5.315089904943724,
        4.917256874112419,
        6.460799370229657,
        2.104334558782357,
        1.2397811330572752,
        3.344936384778252,
        4.398069391214393
      ],
      "fitness_log": [
        0.5,
        0.7,
        0.8,
        0.7,
        1.0,
        0.7,
        1.0,
        0.8,
        0.9,
        0.9,
        0.7,
        0.9,
        0.6,
        1.0,
        0.8,
        0.5,
        0.7,
        0.7,
        0.7,
        0.6
      ],
      "generations": 20,
      "opponent": "greedy",
      "games_per_eval": 10,
      "tier_best": {
        "sky": [
          1.0016297446647902,
          1.1508764461278966,
          10.111478435181356
        ],
        "ground": [
          0.4773685951878254,
          9.793323284938346,
          8.24686639513389,
          1.4198677367203385,
          7.152590720418011,
          5.086926829578466,
          6.405123503370879,
          2.8685321461584063
        ],
        "underworld": [
          -1.529599570413759,
          1.7151968946781437,
          9.540066628909393
        ]
      }
    }
  ],
  "win_rate_mean": 0.7999999999999999,
  "win_rate_std": 0.04082482904638629
}