name,file,score,wins,losses,draws,elo
RandomAI,None,5,5,0,0,1577.1281248226185
RandomAI,None,3,3,2,0,1517.402373648406
RandomAI,None,2,2,3,0,1485.4018288862171
RandomAI,None,3,3,2,0,1516.0676726427585
RandomAI,None,3,3,2,0,1514.597626351594
RandomAI,None,1,1,4,0,1454.8718751773815
RandomAI,None,1,1,4,0,1451.9323273572415
RandomAI,None,2,2,3,0,1482.5981711137829
