name,score,wins,losses,draws,elo
gygax.py,3.5,2,0,3,1533.3373999231494
jackman.py,3.5,2,0,3,1531.3960057826023
dragonfish_evo.py,4,4,1,0,1544.459113347295
RandomAI,2,2,3,0,1485.4026151110759
dragonfish.py,3,3,2,0,1514.5950905422906
RandomAI,1.5,1,3,1,1470.0735436091134
RandomAI,1.5,1,3,1,1467.9353712455274
mcts.py,1.0,0,3,2,1452.800860438946
