name,file,score,wins,losses,draws,elo
RandomAI,None,4,4,1,0,1545.0944834315035
RandomAI,None,4,4,1,0,1548.6997082459989
RandomAI,None,3,3,2,0,1517.4357367137359
RandomAI,None,2,2,3,0,1484.7700716087618
RandomAI,None,3,3,2,0,1513.8955860414674
RandomAI,None,1.5,1,3,1,1469.3712192230792
RandomAI,None,2.5,2,2,1,1497.1669210388343
RandomAI,None,0,0,5,0,1423.5662736966192
