{
  "runs": [
    {
      "run_id": 0,
      "best_win_rate": 0.36,
      "best_weights": [
        6.958820132706947,
        34.359936123622866,
        39.350382857223245,
        -21.158637013716056,
        8.946276258943078,
        19.48198715616088,
        31.967379126438995,
        24.52060652274247,
        -26.774438263492815,
        24.335706324920604,
        -61.244253407252515,
        -32.474983326829545,
        40.92730966228998,
        11.37290269864711
      ],
      "fitness_log": [
        0.28,
        0.255,
        0.33,
        0.325,
        0.29,
        0.3,
        0.305,
        0.345,
        0.315,
        0.265,
        0.305,
        0.305,
        0.265,
        0.28,
        0.34,
        0.315,
        0.285,
        0.295,
        0.325,
        0.31,
        0.33,
        0.31,
        0.3,
        0.31,
        0.285,
        0.305,
        0.29,
        0.305,
        0.36,
        0.33,
        0.305,
        0.295,
        0.3,
        0.295,
        0.295,
        0.29,
        0.295,
        0.29,
        0.34,
        0.325,
        0.315,
        0.32,
        0.305,
        0.305,
        0.305,
        0.3,
        0.28,
        0.305,
        0.315,
        0.335,
        0.315,
        0.36,
        0.3,
        0.32,
        0.32,
        0.28,
        0.305,
        0.325,
        0.325,
        0.29,
        0.285,
        0.305,
        0.33,
        0.275,
        0.34,
        0.315,
        0.375,
        0.325,
        0.295,
        0.3,
        0.345,
        0.345,
        0.36,
        0.355,
        0.34,
        0.335,
        0.37,
        0.375,
        0.33,
        0.31,
        0.335,
        0.325,
        0.34,
        0.335,
        0.305,
        0.345,
        0.35,
        0.32,
        0.345,
        0.32,
        0.33,
        0.375,
        0.305,
        0.34,
        0.3,
        0.33,
        0.315,
        0.33,
        0.35,
        0.37,
        0.295,
        0.28,
        0.31,
        0.32,
        0.285,
        0.3,
        0.265,
        0.315,
        0.33,
        0.305,
        0.325,
        0.345,
        0.31,
        0.275,
        0.33,
        0.345,
        0.305,
        0.295,
        0.315,
        0.345,
        0.295,
        0.355,
        0.335,
        0.32,
        0.295,
        0.32,
        0.315,
        0.315,
        0.36,
        0.33,
        0.345,
        0.36,
        0.325,
        0.34,
        0.38,
        0.35,
        0.35,
        0.305,
        0.32,
        0.34,
        0.335,
        0.345,
        0.32,
        0.35,
        0.32,
        0.325,
        0.365,
        0.32,
        0.355,
        0.345,
        0.335,
        0.32,
        0.325,
        0.335,
        0.315,
        0.32,
        0.33,
        0.325,
        0.335,
        0.37,
        0.3,
        0.305,
        0.32,
        0.36,
        0.345,
        0.355,
        0.33,
        0.36,
        0.33,
        0.325,
        0.35,
        0.365,
        0.35,
        0.335,
        0.325,
        0.36,
        0.33,
        0.32,
        0.35,
        0.335,
        0.345,
        0.335,
        0.345,
        0.315,
        0.37,
        0.36,
        0.31,
        0.33,
        0.33,
        0.37,
        0.32,
        0.355,
        0.335,
        0.34,
        0.32,
        0.33,
        0.35,
        0.34,
        0.325,
        0.365,
        0.35,
        0.345,
        0.34,
        0.335,
        0.335,
        0.335,
        0.33,
        0.36,
        0.345,
        0.34,
        0.35,
        0.365,
        0.365,
        0.34,
        0.32,
        0.34,
        0.29,
        0.37,
        0.335,
        0.36,
        0.31,
        0.34,
        0.315,
        0.38,
        0.315,
        0.35,
        0.32,
        0.335,
        0.335,
        0.34,
        0.335,
        0.345,
        0.33,
        0.335,
        0.31,
        0.31,
        0.375,
        0.35,
        0.39,
        0.355,
        0.35,
        0.365,
        0.37,
        0.36,
        0.345,
        0.36,
        0.325,
        0.345,
        0.31,
        0.325,
        0.38,
        0.32,
        0.335,
        0.345,
        0.38,
        0.32,
        0.32,
        0.34,
        0.355,
        0.34,
        0.335,
        0.325,
        0.36,
        0.355,
        0.37,
        0.31,
        0.35,
        0.335,
        0.395,
        0.345,
        0.32,
        0.335,
        0.305,
        0.325,
        0.35,
        0.35,
        0.325,
        0.335,
        0.36,
        0.315,
        0.375,
        0.335,
        0.365,
        0.32,
        0.345,
        0.315,
        0.345,
        0.325,
        0.305,
        0.355,
        0.33,
        0.315,
        0.355,
        0.34,
        0.365,
        0.355,
        0.34,
        0.335,
        0.365,
        0.315
      ],
      "generations": 300,
      "opponent": "alphabeta",
      "opponent_depth": 2,
      "games_per_eval": 200
    }
  ],
  "win_rate_mean": 0.36,
  "win_rate_std": 0.0
}