{
  "run_id": 0,
  "best_win_rate": 0.6,
  "best_weights": [
    -2.1858886992064135,
    0.21467773691578307,
    2.8678058196981357,
    5.894734691127379,
    -0.13692335957892254,
    6.6929271719307994,
    1.6891615143108307,
    -1.8939557977346255,
    5.116499311037625,
    5.2230134259627485,
    -0.2415549551494146,
    1.9104650487607895,
    0.17435229469665614,
    1.4556808170614275
  ],
  "fitness_log": [
    0.4,
    0.3,
    0.5,
    0.3,
    0.1,
    0.2,
    0.4,
    0.5,
    0.4,
    0.5,
    0.4,
    0.5,
    0.6,
    0.3,
    0.7,
    0.3,
    0.7,
    0.6,
    0.8,
    0.6,
    0.4,
    0.8,
    0.6,
    0.5,
    0.3,
    0.7,
    0.7,
    0.3,
    0.7,
    0.8,
    0.3,
    0.6,
    0.5,
    0.4,
    0.7,
    0.7,
    0.9,
    0.6,
    0.5,
    0.5,
    0.5,
    0.5,
    0.4,
    0.5,
    0.5,
    0.8,
    0.6,
    0.4,
    0.6,
    0.6,
    0.6,
    0.5,
    0.3,
    0.4,
    0.5,
    0.6,
    0.5,
    0.6,
    0.7,
    0.6,
    0.7,
    0.5,
    0.8,
    0.8,
    0.7,
    0.6,
    0.8,
    0.3,
    0.8,
    0.9,
    0.6,
    0.7,
    0.9,
    0.7,
    0.6,
    0.9,
    0.8,
    1.0,
    0.7,
    0.7,
    0.8,
    0.8,
    0.6,
    0.7,
    0.7,
    0.7,
    0.9,
    0.7,
    0.6,
    0.8
  ],
  "generations": 90,
  "opponent": "greedyvalue",
  "games_per_eval": 10,
  "tier_best": {
    "sky": [
      -1.593286670274857,
      0.2686996008941681,
      1.692694180473947
    ],
    "ground": [
      4.756411262124792,
      6.474792429276545,
      6.833473148535321,
      3.311379739391958,
      4.442685742895215,
      -0.5484099937157583,
      12.996207422578026,
      1.1467841343305327
    ],
    "underworld": [
      10.196536888900937,
      5.248856605134142,
      -11.537619073897936
    ]
  }
}