{
  "run_id": 14,
  "completed_at_utc": "2026-03-16T00:38:28Z",
  "best_win_rate": 0.285,
  "best_weights": [
    2.8488600217607005,
    3.6017320011526257,
    -10.811996808323624,
    -4.5372550522205275,
    5.49905526431358,
    17.368562074640852,
    12.57174626859576,
    -4.860428815281888,
    -2.466815274567122,
    26.072240020262534,
    -14.034636206802155,
    9.15294390494434,
    -7.126406636991914,
    17.743434803971333
  ],
  "fitness_log": [
    0.225,
    0.215,
    0.295,
    0.265,
    0.23,
    0.255,
    0.285,
    0.265,
    0.215,
    0.295,
    0.355,
    0.275,
    0.285,
    0.29,
    0.255,
    0.245,
    0.265,
    0.255,
    0.315,
    0.285,
    0.29,
    0.24,
    0.31,
    0.325,
    0.32,
    0.265,
    0.28,
    0.27,
    0.27,
    0.23,
    0.275,
    0.26,
    0.27,
    0.255,
    0.23,
    0.24,
    0.275,
    0.285,
    0.34,
    0.28,
    0.285,
    0.27,
    0.25,
    0.27,
    0.28,
    0.3,
    0.22,
    0.3,
    0.225,
    0.275,
    0.27,
    0.25,
    0.21,
    0.265,
    0.215,
    0.24,
    0.29,
    0.315,
    0.305,
    0.275,
    0.275,
    0.24,
    0.32,
    0.21,
    0.325,
    0.275,
    0.27,
    0.3,
    0.285,
    0.28,
    0.245,
    0.265,
    0.28,
    0.315,
    0.315,
    0.23,
    0.325,
    0.22,
    0.27,
    0.24,
    0.315,
    0.31,
    0.285,
    0.28,
    0.24,
    0.305,
    0.29,
    0.26,
    0.3,
    0.275,
    0.25,
    0.26,
    0.265,
    0.23,
    0.34,
    0.275,
    0.31,
    0.285,
    0.28,
    0.315,
    0.295,
    0.305,
    0.325,
    0.285,
    0.305,
    0.31,
    0.24,
    0.27,
    0.275,
    0.28,
    0.31,
    0.275,
    0.28,
    0.21,
    0.19,
    0.325,
    0.295,
    0.295,
    0.3,
    0.26,
    0.245,
    0.3,
    0.265,
    0.27,
    0.245,
    0.275,
    0.3,
    0.25,
    0.235,
    0.26,
    0.315,
    0.245,
    0.27,
    0.33,
    0.26,
    0.285,
    0.28,
    0.31,
    0.31,
    0.255,
    0.24,
    0.255,
    0.31,
    0.295,
    0.29,
    0.24,
    0.245,
    0.215,
    0.295,
    0.245,
    0.245,
    0.245,
    0.34,
    0.25,
    0.32,
    0.315,
    0.305,
    0.265,
    0.235,
    0.205,
    0.265,
    0.28,
    0.25,
    0.285,
    0.24,
    0.23,
    0.275,
    0.24,
    0.26,
    0.265,
    0.295,
    0.22,
    0.235,
    0.32,
    0.24,
    0.295,
    0.27,
    0.28,
    0.24,
    0.295,
    0.265,
    0.23,
    0.29,
    0.255,
    0.285,
    0.285,
    0.275,
    0.265,
    0.3,
    0.235,
    0.275,
    0.24,
    0.275,
    0.265,
    0.3,
    0.29,
    0.315,
    0.27,
    0.29,
    0.295,
    0.295,
    0.32,
    0.23,
    0.335,
    0.325,
    0.255,
    0.235,
    0.23,
    0.345,
    0.245,
    0.35,
    0.31,
    0.365,
    0.32,
    0.28,
    0.295,
    0.305,
    0.325,
    0.255,
    0.265,
    0.295,
    0.345,
    0.235,
    0.315,
    0.29,
    0.305,
    0.275,
    0.27,
    0.28,
    0.22,
    0.265,
    0.315,
    0.26,
    0.31,
    0.295,
    0.36,
    0.285,
    0.295,
    0.295,
    0.27,
    0.33,
    0.335,
    0.23,
    0.305,
    0.26,
    0.28,
    0.27,
    0.275,
    0.3,
    0.29,
    0.28,
    0.265,
    0.275,
    0.305,
    0.24,
    0.235,
    0.325,
    0.365,
    0.225,
    0.32,
    0.265,
    0.27,
    0.345,
    0.255,
    0.315,
    0.215,
    0.275,
    0.325,
    0.22,
    0.36,
    0.33,
    0.23,
    0.285,
    0.3,
    0.255,
    0.34,
    0.25,
    0.305,
    0.305,
    0.335,
    0.295,
    0.31,
    0.285,
    0.275,
    0.345,
    0.36,
    0.295,
    0.335,
    0.27,
    0.24,
    0.245,
    0.27,
    0.295,
    0.26,
    0.285,
    0.37,
    0.265,
    0.31,
    0.325,
    0.305
  ],
  "generations": 300,
  "opponent": "alphabeta",
  "opponent_depth": 2,
  "games_per_eval": 200,
  "tier_best": {
    "sky": [
      2.7894715690122736,
      3.678884821641516,
      -11.031969260692993
    ],
    "ground": [
      -5.839383347674738,
      9.106989285799525,
      17.0562515109292,
      17.22771713921471,
      2.963673144424384,
      -6.142610545790382,
      33.07334968462916,
      -12.847597792215682
    ],
    "underworld": [
      8.113047734514574,
      -1.9482177694101892,
      8.360214279299692
    ]
  }
}