{
  "run_id": 10,
  "completed_at_utc": "2026-03-16T01:16:35Z",
  "best_win_rate": 0.32,
  "best_weights": [
    3.476968322266101,
    4.132190339907584,
    22.04422134752639,
    -4.536455022856001,
    16.020476137933922,
    6.264785496943958,
    13.501829681803665,
    6.0710158426981256,
    12.51109712318444,
    12.40394986466065,
    -17.925786303340175,
    9.557543226794946,
    11.786902410925526,
    15.458073310710734
  ],
  "fitness_log": [
    0.295,
    0.265,
    0.25,
    0.2,
    0.29,
    0.305,
    0.25,
    0.3,
    0.22,
    0.35,
    0.34,
    0.275,
    0.295,
    0.315,
    0.29,
    0.345,
    0.29,
    0.285,
    0.28,
    0.335,
    0.27,
    0.37,
    0.33,
    0.335,
    0.29,
    0.27,
    0.28,
    0.26,
    0.29,
    0.36,
    0.29,
    0.3,
    0.29,
    0.285,
    0.33,
    0.27,
    0.29,
    0.32,
    0.295,
    0.28,
    0.33,
    0.315,
    0.255,
    0.24,
    0.32,
    0.275,
    0.35,
    0.295,
    0.245,
    0.32,
    0.3,
    0.345,
    0.38,
    0.29,
    0.355,
    0.36,
    0.295,
    0.285,
    0.28,
    0.28,
    0.32,
    0.26,
    0.255,
    0.36,
    0.3,
    0.345,
    0.31,
    0.305,
    0.32,
    0.325,
    0.3,
    0.275,
    0.405,
    0.3,
    0.19,
    0.265,
    0.33,
    0.335,
    0.25,
    0.35,
    0.325,
    0.335,
    0.335,
    0.275,
    0.305,
    0.27,
    0.29,
    0.23,
    0.315,
    0.335,
    0.35,
    0.285,
    0.335,
    0.255,
    0.28,
    0.32,
    0.245,
    0.3,
    0.355,
    0.3,
    0.3,
    0.275,
    0.325,
    0.325,
    0.29,
    0.3,
    0.37,
    0.4,
    0.28,
    0.29,
    0.3,
    0.305,
    0.28,
    0.275,
    0.275,
    0.28,
    0.305,
    0.28,
    0.245,
    0.28,
    0.36,
    0.28,
    0.315,
    0.23,
    0.235,
    0.335,
    0.285,
    0.28,
    0.28,
    0.31,
    0.225,
    0.285,
    0.3,
    0.24,
    0.31,
    0.25,
    0.325,
    0.31,
    0.215,
    0.325,
    0.29,
    0.29,
    0.29,
    0.22,
    0.29,
    0.255,
    0.28,
    0.28,
    0.33,
    0.285,
    0.32,
    0.23,
    0.25,
    0.305,
    0.245,
    0.275,
    0.315,
    0.305,
    0.27,
    0.27,
    0.295,
    0.22,
    0.275,
    0.31,
    0.325,
    0.305,
    0.265,
    0.255,
    0.315,
    0.215,
    0.305,
    0.3,
    0.22,
    0.285,
    0.225,
    0.32,
    0.27,
    0.265,
    0.28,
    0.32,
    0.275,
    0.325,
    0.315,
    0.285,
    0.295,
    0.24,
    0.3,
    0.27,
    0.295,
    0.295,
    0.265,
    0.24,
    0.285,
    0.275,
    0.25,
    0.255,
    0.305,
    0.365,
    0.255,
    0.25,
    0.295,
    0.245,
    0.315,
    0.31,
    0.245,
    0.245,
    0.28,
    0.315,
    0.27,
    0.315,
    0.28,
    0.235,
    0.25,
    0.34,
    0.245,
    0.255,
    0.28,
    0.31,
    0.26,
    0.32,
    0.3,
    0.315,
    0.27,
    0.295,
    0.26,
    0.225,
    0.275,
    0.255,
    0.29,
    0.26,
    0.32,
    0.26,
    0.32,
    0.315,
    0.315,
    0.295,
    0.285,
    0.325,
    0.25,
    0.295,
    0.28,
    0.405,
    0.295,
    0.275,
    0.33,
    0.265,
    0.375,
    0.355,
    0.325,
    0.295,
    0.33,
    0.28,
    0.28,
    0.35,
    0.2,
    0.35,
    0.305,
    0.3,
    0.28,
    0.305,
    0.275,
    0.27,
    0.34,
    0.32,
    0.315,
    0.325,
    0.255,
    0.23,
    0.365,
    0.33,
    0.3,
    0.315,
    0.345,
    0.265,
    0.32,
    0.31,
    0.325,
    0.375,
    0.255,
    0.33,
    0.27,
    0.305,
    0.285,
    0.285,
    0.285,
    0.4,
    0.345,
    0.28,
    0.31,
    0.29,
    0.305,
    0.295,
    0.27,
    0.355,
    0.265,
    0.295,
    0.385,
    0.325,
    0.32,
    0.295
  ],
  "generations": 300,
  "opponent": "alphabeta",
  "opponent_depth": 2,
  "games_per_eval": 200,
  "tier_best": {
    "sky": [
      3.536772361914277,
      4.159630243040213,
      22.118419378048976
    ],
    "ground": [
      -8.972089804649425,
      21.287191636245147,
      17.384767536094863,
      14.900419430166416,
      17.573701908742642,
      13.382294098195224,
      5.410922135297059,
      -30.524283051562893
    ],
    "underworld": [
      3.0253884350877387,
      0.6918110005249964,
      144.0816372604084
    ]
  }
}