{
  "run_id": 9,
  "completed_at_utc": "2026-03-16T03:25:01Z",
  "best_win_rate": 0.25,
  "best_weights": [
    19.927512108250856,
    26.515268277053874,
    18.95862836716449,
    -3.6872724735271367,
    -13.870509816695195,
    19.45441769441256,
    42.808578892829736,
    23.6765122967409,
    -32.87681637134595,
    17.320176511676515,
    -46.74145169666467,
    -18.326392263450355,
    -1.1271177915687902,
    2.937253241239337
  ],
  "fitness_log": [
    0.24,
    0.285,
    0.235,
    0.255,
    0.28,
    0.24,
    0.235,
    0.225,
    0.255,
    0.34,
    0.245,
    0.245,
    0.24,
    0.255,
    0.215,
    0.275,
    0.24,
    0.31,
    0.23,
    0.27,
    0.3,
    0.245,
    0.24,
    0.35,
    0.275,
    0.255,
    0.235,
    0.305,
    0.24,
    0.24,
    0.215,
    0.255,
    0.245,
    0.245,
    0.255,
    0.265,
    0.245,
    0.185,
    0.235,
    0.235,
    0.26,
    0.265,
    0.3,
    0.21,
    0.275,
    0.26,
    0.245,
    0.27,
    0.2,
    0.315,
    0.34,
    0.32,
    0.31,
    0.29,
    0.35,
    0.265,
    0.24,
    0.24,
    0.25,
    0.37,
    0.295,
    0.28,
    0.275,
    0.345,
    0.205,
    0.275,
    0.31,
    0.355,
    0.28,
    0.3,
    0.285,
    0.32,
    0.22,
    0.275,
    0.225,
    0.26,
    0.3,
    0.32,
    0.305,
    0.24,
    0.3,
    0.29,
    0.28,
    0.31,
    0.26,
    0.255,
    0.27,
    0.305,
    0.25,
    0.275,
    0.265,
    0.27,
    0.305,
    0.275,
    0.265,
    0.265,
    0.245,
    0.265,
    0.29,
    0.215,
    0.27,
    0.24,
    0.265,
    0.27,
    0.27,
    0.29,
    0.24,
    0.26,
    0.275,
    0.265,
    0.28,
    0.275,
    0.265,
    0.285,
    0.23,
    0.27,
    0.22,
    0.28,
    0.245,
    0.29,
    0.26,
    0.32,
    0.2,
    0.235,
    0.2,
    0.205,
    0.27,
    0.245,
    0.25,
    0.265,
    0.295,
    0.25,
    0.24,
    0.33,
    0.285,
    0.26,
    0.25,
    0.265,
    0.29,
    0.275,
    0.225,
    0.29,
    0.23,
    0.255,
    0.23,
    0.3,
    0.22,
    0.31,
    0.3,
    0.28,
    0.265,
    0.305,
    0.24,
    0.26,
    0.245,
    0.28,
    0.265,
    0.245,
    0.325,
    0.25,
    0.255,
    0.255,
    0.255,
    0.3,
    0.29,
    0.29,
    0.28,
    0.275,
    0.31,
    0.285,
    0.275,
    0.31,
    0.24,
    0.295,
    0.25,
    0.26,
    0.35,
    0.36,
    0.32,
    0.26,
    0.195,
    0.315,
    0.325,
    0.265,
    0.255,
    0.285,
    0.225,
    0.23,
    0.255,
    0.285,
    0.24,
    0.255,
    0.315,
    0.29,
    0.32,
    0.235,
    0.275,
    0.25,
    0.32,
    0.355,
    0.25,
    0.295,
    0.22,
    0.27,
    0.24,
    0.285,
    0.28,
    0.285,
    0.24,
    0.28,
    0.275,
    0.34,
    0.275,
    0.255,
    0.285,
    0.28,
    0.235,
    0.305,
    0.325,
    0.325,
    0.315,
    0.28,
    0.235,
    0.22,
    0.295,
    0.24,
    0.27,
    0.34,
    0.26,
    0.19,
    0.285,
    0.3,
    0.315,
    0.255,
    0.325,
    0.325,
    0.285,
    0.255,
    0.255,
    0.265,
    0.235,
    0.22,
    0.27,
    0.31,
    0.335,
    0.29,
    0.2,
    0.26,
    0.325,
    0.28,
    0.27,
    0.27,
    0.21,
    0.225,
    0.26,
    0.255,
    0.23,
    0.275,
    0.255,
    0.305,
    0.29,
    0.25,
    0.275,
    0.265,
    0.235,
    0.29,
    0.23,
    0.33,
    0.265,
    0.335,
    0.255,
    0.3,
    0.28,
    0.31,
    0.24,
    0.255,
    0.315,
    0.315,
    0.345,
    0.27,
    0.245,
    0.265,
    0.3,
    0.33,
    0.335,
    0.24,
    0.31,
    0.31,
    0.28,
    0.26,
    0.315,
    0.255,
    0.27,
    0.265,
    0.28,
    0.315,
    0.27,
    0.27,
    0.245,
    0.305
  ],
  "generations": 300,
  "opponent": "alphabeta",
  "opponent_depth": 2,
  "games_per_eval": 200,
  "tier_best": {
    "sky": [
      19.953140913749575,
      27.563926490532054,
      19.068236089697947
    ],
    "ground": [
      37.12239042699081,
      -77.0985567806801,
      99.82553685812472,
      25.392755693181826,
      75.28352141439149,
      137.7594067162528,
      2.6079740584334625,
      -33.90634493900016
    ],
    "underworld": [
      -18.755205120528665,
      -1.4652399075603617,
      2.786955195276283
    ]
  }
}