{
  "run_id": 2,
  "best_win_rate": 0.6,
  "best_weights": [
    -0.34463905265561545,
    1.6285687723084232,
    2.8016986258673633,
    -0.853084751767486,
    -1.2205634520569615,
    1.566004452602066,
    0.9959829678694281,
    -2.7094386880231642,
    0.3529206980290666,
    1.2140711095005456,
    -4.613612982587841,
    1.6222425199435944,
    -2.9723588854008676,
    -0.8024642803145854
  ],
  "fitness_log": [
    0.5,
    0.6,
    0.8,
    0.7,
    0.6,
    0.6,
    0.8,
    0.4,
    0.4,
    0.4,
    0.7,
    0.5,
    0.3,
    0.6,
    0.5,
    0.4,
    0.7,
    0.8,
    0.4,
    0.4,
    0.5,
    0.5,
    0.7,
    0.5,
    0.9,
    0.5,
    0.5,
    0.6,
    0.5,
    0.8,
    0.5,
    0.8,
    0.4,
    0.7,
    0.3,
    0.7,
    0.7,
    0.2,
    0.6,
    0.5,
    1.0,
    0.3,
    0.3,
    0.6,
    0.3,
    0.8,
    0.5,
    0.2,
    0.6,
    0.5,
    0.6,
    0.6,
    0.5,
    0.6,
    0.5,
    0.4,
    0.4,
    0.5,
    0.9,
    0.5,
    0.7,
    0.7,
    0.6,
    0.8,
    0.5,
    0.6,
    0.8,
    0.5,
    0.5,
    0.8,
    0.4,
    0.7,
    0.6,
    0.5,
    0.5,
    0.8,
    0.4,
    0.7,
    0.7,
    0.8,
    0.8,
    0.3,
    0.4,
    0.9,
    0.4,
    0.8,
    0.6,
    0.3,
    0.6,
    0.5
  ],
  "generations": 90,
  "opponent": "greedyvalue",
  "games_per_eval": 10,
  "tier_best": {
    "sky": [
      -0.2944414757345807,
      0.6604586751463645,
      2.5266677254288212
    ],
    "ground": [
      -7.408629887711211,
      0.8205092788147857,
      0.46468009745465666,
      1.3366421516280327,
      -5.364879165795109,
      -1.035228214809814,
      0.444928278992678,
      -9.8852285337654
    ],
    "underworld": [
      0.7145494391693823,
      -3.972114755312665,
      1.104007364692356
    ]
  }
}