{
  "run_id": 13,
  "completed_at_utc": "2026-03-16T02:35:54Z",
  "best_win_rate": 0.29,
  "best_weights": [
    0.927222927517713,
    1.5374107117738707,
    3.4403026064578603,
    11.248264396780945,
    8.11928409806647,
    22.762841017664602,
    13.520111536525521,
    20.209084067679335,
    31.09600490658948,
    8.621333744437862,
    7.0757606399907536,
    -0.3224342457869574,
    8.55539988935649,
    -8.248749798673867
  ],
  "fitness_log": [
    0.255,
    0.315,
    0.19,
    0.275,
    0.225,
    0.265,
    0.265,
    0.25,
    0.265,
    0.32,
    0.31,
    0.235,
    0.275,
    0.305,
    0.235,
    0.24,
    0.215,
    0.31,
    0.275,
    0.29,
    0.255,
    0.245,
    0.295,
    0.285,
    0.275,
    0.3,
    0.285,
    0.26,
    0.26,
    0.315,
    0.375,
    0.385,
    0.28,
    0.27,
    0.31,
    0.295,
    0.3,
    0.26,
    0.285,
    0.355,
    0.3,
    0.305,
    0.34,
    0.355,
    0.265,
    0.26,
    0.345,
    0.3,
    0.265,
    0.29,
    0.345,
    0.295,
    0.245,
    0.305,
    0.3,
    0.265,
    0.245,
    0.245,
    0.285,
    0.335,
    0.28,
    0.335,
    0.375,
    0.285,
    0.3,
    0.32,
    0.27,
    0.305,
    0.37,
    0.33,
    0.245,
    0.29,
    0.285,
    0.25,
    0.32,
    0.29,
    0.325,
    0.305,
    0.35,
    0.355,
    0.275,
    0.305,
    0.315,
    0.355,
    0.38,
    0.285,
    0.32,
    0.375,
    0.255,
    0.29,
    0.31,
    0.33,
    0.305,
    0.335,
    0.305,
    0.295,
    0.335,
    0.32,
    0.29,
    0.325,
    0.355,
    0.26,
    0.32,
    0.36,
    0.29,
    0.28,
    0.355,
    0.295,
    0.305,
    0.325,
    0.315,
    0.27,
    0.32,
    0.35,
    0.295,
    0.33,
    0.325,
    0.29,
    0.32,
    0.33,
    0.265,
    0.315,
    0.305,
    0.31,
    0.29,
    0.305,
    0.255,
    0.295,
    0.3,
    0.32,
    0.315,
    0.225,
    0.325,
    0.285,
    0.3,
    0.29,
    0.27,
    0.305,
    0.305,
    0.265,
    0.31,
    0.35,
    0.305,
    0.36,
    0.385,
    0.23,
    0.32,
    0.315,
    0.315,
    0.31,
    0.32,
    0.335,
    0.32,
    0.23,
    0.335,
    0.335,
    0.335,
    0.29,
    0.365,
    0.245,
    0.31,
    0.285,
    0.285,
    0.345,
    0.335,
    0.285,
    0.275,
    0.28,
    0.345,
    0.275,
    0.375,
    0.32,
    0.34,
    0.385,
    0.325,
    0.27,
    0.3,
    0.265,
    0.305,
    0.295,
    0.325,
    0.295,
    0.32,
    0.35,
    0.275,
    0.28,
    0.28,
    0.33,
    0.295,
    0.27,
    0.315,
    0.33,
    0.33,
    0.265,
    0.2,
    0.36,
    0.33,
    0.31,
    0.32,
    0.245,
    0.32,
    0.305,
    0.355,
    0.33,
    0.31,
    0.26,
    0.225,
    0.295,
    0.315,
    0.245,
    0.285,
    0.29,
    0.27,
    0.27,
    0.32,
    0.285,
    0.345,
    0.27,
    0.31,
    0.345,
    0.355,
    0.285,
    0.275,
    0.28,
    0.34,
    0.29,
    0.315,
    0.27,
    0.315,
    0.315,
    0.32,
    0.32,
    0.34,
    0.265,
    0.245,
    0.32,
    0.33,
    0.315,
    0.355,
    0.3,
    0.295,
    0.35,
    0.255,
    0.35,
    0.265,
    0.26,
    0.325,
    0.305,
    0.295,
    0.315,
    0.315,
    0.27,
    0.295,
    0.29,
    0.29,
    0.24,
    0.245,
    0.31,
    0.305,
    0.38,
    0.335,
    0.305,
    0.295,
    0.325,
    0.315,
    0.27,
    0.31,
    0.305,
    0.31,
    0.315,
    0.3,
    0.33,
    0.29,
    0.305,
    0.31,
    0.325,
    0.325,
    0.3,
    0.255,
    0.27,
    0.275,
    0.275,
    0.305,
    0.305,
    0.31,
    0.31,
    0.285,
    0.32,
    0.295,
    0.26,
    0.27,
    0.295,
    0.29,
    0.305,
    0.315,
    0.265,
    0.325,
    0.325,
    0.27,
    0.295
  ],
  "generations": 300,
  "opponent": "alphabeta",
  "opponent_depth": 2,
  "games_per_eval": 200,
  "tier_best": {
    "sky": [
      0.4765338384538887,
      1.8975982055414786,
      2.186847616186517
    ],
    "ground": [
      15.872428819465082,
      10.48700298786917,
      19.57448489838599,
      3.5736992828676715,
      18.69671245766651,
      19.523469670460468,
      14.846357301280067,
      6.646360285794322
    ],
    "underworld": [
      -0.3222669608680515,
      8.555572734905407,
      -8.248923093675463
    ]
  }
}