{
  "run_id": 5,
  "completed_at_utc": "2026-03-16T02:56:29Z",
  "best_win_rate": 0.335,
  "best_weights": [
    3.641476952819715,
    4.0487063448545495,
    14.409693364260473,
    17.86851042303491,
    22.589225414732283,
    25.395826163612384,
    17.324778816048067,
    4.693779784684306,
    28.206308522368776,
    31.20940582826094,
    -17.293152498892255,
    4.617189304436117,
    -19.174260028391995,
    13.383330561928439
  ],
  "fitness_log": [
    0.225,
    0.275,
    0.275,
    0.23,
    0.31,
    0.285,
    0.28,
    0.31,
    0.35,
    0.335,
    0.285,
    0.32,
    0.32,
    0.305,
    0.26,
    0.33,
    0.29,
    0.285,
    0.305,
    0.305,
    0.25,
    0.225,
    0.275,
    0.2,
    0.22,
    0.315,
    0.29,
    0.305,
    0.29,
    0.265,
    0.295,
    0.295,
    0.29,
    0.26,
    0.22,
    0.235,
    0.205,
    0.26,
    0.225,
    0.27,
    0.255,
    0.29,
    0.29,
    0.325,
    0.265,
    0.275,
    0.265,
    0.345,
    0.29,
    0.25,
    0.295,
    0.305,
    0.335,
    0.315,
    0.3,
    0.24,
    0.32,
    0.355,
    0.265,
    0.295,
    0.255,
    0.31,
    0.295,
    0.31,
    0.3,
    0.28,
    0.375,
    0.315,
    0.29,
    0.26,
    0.235,
    0.375,
    0.345,
    0.27,
    0.305,
    0.295,
    0.34,
    0.3,
    0.33,
    0.32,
    0.31,
    0.285,
    0.345,
    0.315,
    0.25,
    0.3,
    0.28,
    0.3,
    0.36,
    0.305,
    0.275,
    0.3,
    0.285,
    0.3,
    0.285,
    0.31,
    0.25,
    0.275,
    0.31,
    0.355,
    0.27,
    0.3,
    0.33,
    0.335,
    0.25,
    0.255,
    0.305,
    0.315,
    0.285,
    0.305,
    0.315,
    0.395,
    0.3,
    0.185,
    0.295,
    0.28,
    0.295,
    0.285,
    0.34,
    0.24,
    0.33,
    0.275,
    0.39,
    0.325,
    0.31,
    0.34,
    0.305,
    0.305,
    0.25,
    0.245,
    0.3,
    0.28,
    0.255,
    0.335,
    0.31,
    0.305,
    0.305,
    0.255,
    0.285,
    0.26,
    0.265,
    0.275,
    0.25,
    0.26,
    0.315,
    0.295,
    0.305,
    0.25,
    0.305,
    0.31,
    0.245,
    0.26,
    0.345,
    0.275,
    0.36,
    0.275,
    0.3,
    0.285,
    0.34,
    0.33,
    0.365,
    0.335,
    0.295,
    0.285,
    0.3,
    0.315,
    0.29,
    0.325,
    0.385,
    0.305,
    0.32,
    0.28,
    0.25,
    0.34,
    0.32,
    0.345,
    0.275,
    0.34,
    0.305,
    0.31,
    0.335,
    0.28,
    0.33,
    0.38,
    0.325,
    0.335,
    0.31,
    0.305,
    0.33,
    0.305,
    0.295,
    0.265,
    0.34,
    0.285,
    0.33,
    0.245,
    0.25,
    0.31,
    0.38,
    0.325,
    0.29,
    0.335,
    0.25,
    0.275,
    0.3,
    0.29,
    0.365,
    0.32,
    0.305,
    0.305,
    0.29,
    0.34,
    0.27,
    0.32,
    0.275,
    0.305,
    0.27,
    0.285,
    0.32,
    0.28,
    0.31,
    0.345,
    0.27,
    0.4,
    0.29,
    0.255,
    0.32,
    0.265,
    0.335,
    0.3,
    0.305,
    0.335,
    0.35,
    0.325,
    0.315,
    0.28,
    0.325,
    0.275,
    0.295,
    0.33,
    0.37,
    0.35,
    0.345,
    0.295,
    0.28,
    0.285,
    0.29,
    0.335,
    0.29,
    0.275,
    0.275,
    0.24,
    0.325,
    0.285,
    0.275,
    0.275,
    0.26,
    0.335,
    0.265,
    0.27,
    0.305,
    0.315,
    0.3,
    0.295,
    0.325,
    0.335,
    0.29,
    0.265,
    0.29,
    0.275,
    0.315,
    0.25,
    0.275,
    0.285,
    0.385,
    0.285,
    0.285,
    0.355,
    0.365,
    0.28,
    0.35,
    0.28,
    0.33,
    0.335,
    0.23,
    0.3,
    0.275,
    0.29,
    0.3,
    0.285,
    0.295,
    0.335,
    0.27,
    0.3,
    0.325,
    0.345,
    0.285,
    0.275,
    0.34,
    0.265
  ],
  "generations": 300,
  "opponent": "alphabeta",
  "opponent_depth": 2,
  "games_per_eval": 200,
  "tier_best": {
    "sky": [
      3.5828519139054023,
      3.8208640196202603,
      14.551083295897564
    ],
    "ground": [
      32.59286451074347,
      39.82581636931014,
      35.49926481561404,
      8.030580782285158,
      22.09297266026381,
      35.64701505362676,
      49.76473223147195,
      -34.9534096294027
    ],
    "underworld": [
      4.518652589282864,
      -21.221345451484318,
      14.476902074189292
    ]
  }
}