{
  "run_id": 6,
  "completed_at_utc": "2026-03-16T01:21:58Z",
  "best_win_rate": 0.335,
  "best_weights": [
    1.9698567491261745,
    103.63762545431645,
    33.2925944917542,
    -16.478829574913174,
    41.144843572090835,
    41.31432359819792,
    1.7109373134931483,
    -25.471624031418386,
    22.493626000310773,
    27.145542192172513,
    -31.899734878253305,
    2.580329114822112,
    18.7331657433685,
    0.33560342762061257
  ],
  "fitness_log": [
    0.185,
    0.22,
    0.2,
    0.22,
    0.24,
    0.26,
    0.29,
    0.235,
    0.25,
    0.235,
    0.25,
    0.22,
    0.27,
    0.27,
    0.285,
    0.295,
    0.315,
    0.27,
    0.275,
    0.315,
    0.29,
    0.255,
    0.315,
    0.235,
    0.275,
    0.225,
    0.225,
    0.195,
    0.345,
    0.3,
    0.3,
    0.27,
    0.24,
    0.285,
    0.27,
    0.325,
    0.26,
    0.25,
    0.305,
    0.29,
    0.29,
    0.29,
    0.26,
    0.275,
    0.295,
    0.315,
    0.28,
    0.305,
    0.3,
    0.3,
    0.315,
    0.28,
    0.305,
    0.3,
    0.295,
    0.325,
    0.285,
    0.325,
    0.295,
    0.32,
    0.26,
    0.275,
    0.27,
    0.3,
    0.29,
    0.31,
    0.3,
    0.305,
    0.29,
    0.265,
    0.29,
    0.325,
    0.265,
    0.265,
    0.29,
    0.33,
    0.305,
    0.34,
    0.32,
    0.28,
    0.2,
    0.27,
    0.305,
    0.245,
    0.245,
    0.315,
    0.34,
    0.285,
    0.285,
    0.255,
    0.395,
    0.225,
    0.355,
    0.365,
    0.28,
    0.275,
    0.245,
    0.3,
    0.265,
    0.31,
    0.27,
    0.285,
    0.25,
    0.325,
    0.3,
    0.315,
    0.34,
    0.31,
    0.29,
    0.325,
    0.29,
    0.3,
    0.27,
    0.205,
    0.29,
    0.32,
    0.31,
    0.28,
    0.3,
    0.305,
    0.27,
    0.27,
    0.32,
    0.285,
    0.29,
    0.29,
    0.315,
    0.32,
    0.215,
    0.28,
    0.355,
    0.3,
    0.27,
    0.375,
    0.275,
    0.25,
    0.285,
    0.325,
    0.36,
    0.375,
    0.295,
    0.275,
    0.335,
    0.275,
    0.32,
    0.27,
    0.35,
    0.29,
    0.33,
    0.285,
    0.32,
    0.355,
    0.3,
    0.25,
    0.26,
    0.28,
    0.34,
    0.29,
    0.28,
    0.295,
    0.325,
    0.285,
    0.275,
    0.325,
    0.3,
    0.32,
    0.265,
    0.255,
    0.34,
    0.325,
    0.32,
    0.305,
    0.34,
    0.325,
    0.35,
    0.335,
    0.31,
    0.255,
    0.26,
    0.305,
    0.28,
    0.275,
    0.345,
    0.285,
    0.26,
    0.365,
    0.245,
    0.275,
    0.315,
    0.3,
    0.24,
    0.265,
    0.275,
    0.345,
    0.26,
    0.3,
    0.255,
    0.22,
    0.31,
    0.3,
    0.32,
    0.28,
    0.285,
    0.36,
    0.355,
    0.195,
    0.365,
    0.34,
    0.345,
    0.37,
    0.285,
    0.305,
    0.315,
    0.27,
    0.3,
    0.3,
    0.335,
    0.285,
    0.26,
    0.255,
    0.34,
    0.275,
    0.285,
    0.31,
    0.275,
    0.285,
    0.315,
    0.305,
    0.365,
    0.26,
    0.315,
    0.3,
    0.315,
    0.27,
    0.28,
    0.325,
    0.265,
    0.355,
    0.33,
    0.265,
    0.28,
    0.325,
    0.295,
    0.305,
    0.325,
    0.29,
    0.3,
    0.295,
    0.265,
    0.29,
    0.3,
    0.305,
    0.25,
    0.385,
    0.35,
    0.36,
    0.32,
    0.345,
    0.27,
    0.295,
    0.34,
    0.285,
    0.23,
    0.31,
    0.275,
    0.24,
    0.305,
    0.285,
    0.32,
    0.275,
    0.285,
    0.32,
    0.285,
    0.265,
    0.335,
    0.32,
    0.335,
    0.335,
    0.28,
    0.35,
    0.35,
    0.31,
    0.275,
    0.355,
    0.38,
    0.3,
    0.28,
    0.3,
    0.37,
    0.3,
    0.31,
    0.325,
    0.375,
    0.285,
    0.295,
    0.28,
    0.31,
    0.265,
    0.27,
    0.205
  ],
  "generations": 300,
  "opponent": "alphabeta",
  "opponent_depth": 2,
  "games_per_eval": 200,
  "tier_best": {
    "sky": [
      2.9912905971887853,
      114.73139830615133,
      52.954292593716595
    ],
    "ground": [
      -11.927186380474978,
      33.40426331279936,
      33.38407583001998,
      2.539705385621181,
      -24.337803128985186,
      23.693994654999507,
      24.743289931649418,
      -22.666720053983504
    ],
    "underworld": [
      1.8690118981017978,
      17.312173724758832,
      1.0514122297024258
    ]
  }
}