{
  "run_id": 8,
  "completed_at_utc": "2026-03-16T01:40:31Z",
  "best_win_rate": 0.325,
  "best_weights": [
    4.981239165655726,
    9.532985841724583,
    3.165826176867039,
    -6.90351198773361,
    3.1093585670911557,
    1.7848359210840476,
    16.786753153860474,
    2.620347922352993,
    4.092256971441605,
    0.7018376581491274,
    -5.409253766416951,
    1.3055824771936024,
    -5.385756353490089,
    7.69947099286297
  ],
  "fitness_log": [
    0.095,
    0.245,
    0.21,
    0.23,
    0.31,
    0.26,
    0.23,
    0.255,
    0.28,
    0.245,
    0.31,
    0.29,
    0.29,
    0.295,
    0.325,
    0.255,
    0.345,
    0.305,
    0.33,
    0.33,
    0.28,
    0.335,
    0.355,
    0.33,
    0.335,
    0.305,
    0.305,
    0.26,
    0.27,
    0.245,
    0.295,
    0.305,
    0.285,
    0.28,
    0.22,
    0.285,
    0.295,
    0.28,
    0.315,
    0.28,
    0.275,
    0.285,
    0.315,
    0.315,
    0.365,
    0.305,
    0.31,
    0.32,
    0.31,
    0.295,
    0.345,
    0.225,
    0.29,
    0.26,
    0.285,
    0.375,
    0.26,
    0.26,
    0.31,
    0.265,
    0.28,
    0.29,
    0.295,
    0.3,
    0.265,
    0.315,
    0.285,
    0.285,
    0.24,
    0.29,
    0.28,
    0.3,
    0.305,
    0.315,
    0.325,
    0.265,
    0.23,
    0.285,
    0.285,
    0.28,
    0.28,
    0.24,
    0.31,
    0.265,
    0.295,
    0.295,
    0.29,
    0.265,
    0.225,
    0.3,
    0.235,
    0.255,
    0.315,
    0.315,
    0.26,
    0.305,
    0.205,
    0.3,
    0.24,
    0.34,
    0.335,
    0.295,
    0.28,
    0.315,
    0.22,
    0.275,
    0.265,
    0.27,
    0.24,
    0.26,
    0.27,
    0.295,
    0.35,
    0.335,
    0.275,
    0.295,
    0.32,
    0.295,
    0.285,
    0.31,
    0.29,
    0.23,
    0.31,
    0.27,
    0.295,
    0.325,
    0.24,
    0.32,
    0.28,
    0.19,
    0.315,
    0.36,
    0.33,
    0.245,
    0.27,
    0.36,
    0.32,
    0.305,
    0.275,
    0.285,
    0.245,
    0.315,
    0.255,
    0.3,
    0.305,
    0.245,
    0.325,
    0.26,
    0.27,
    0.295,
    0.275,
    0.285,
    0.24,
    0.27,
    0.265,
    0.24,
    0.3,
    0.28,
    0.33,
    0.325,
    0.275,
    0.345,
    0.36,
    0.335,
    0.335,
    0.305,
    0.31,
    0.285,
    0.365,
    0.335,
    0.275,
    0.23,
    0.295,
    0.31,
    0.295,
    0.23,
    0.235,
    0.315,
    0.205,
    0.275,
    0.315,
    0.265,
    0.32,
    0.295,
    0.25,
    0.3,
    0.23,
    0.315,
    0.26,
    0.28,
    0.275,
    0.21,
    0.305,
    0.31,
    0.335,
    0.245,
    0.33,
    0.33,
    0.27,
    0.3,
    0.32,
    0.265,
    0.255,
    0.27,
    0.32,
    0.245,
    0.23,
    0.285,
    0.21,
    0.275,
    0.295,
    0.22,
    0.31,
    0.265,
    0.32,
    0.27,
    0.34,
    0.265,
    0.27,
    0.315,
    0.23,
    0.305,
    0.275,
    0.285,
    0.33,
    0.295,
    0.33,
    0.265,
    0.325,
    0.265,
    0.25,
    0.25,
    0.29,
    0.265,
    0.365,
    0.33,
    0.275,
    0.245,
    0.285,
    0.325,
    0.295,
    0.345,
    0.33,
    0.285,
    0.32,
    0.32,
    0.285,
    0.24,
    0.24,
    0.275,
    0.32,
    0.245,
    0.285,
    0.305,
    0.29,
    0.27,
    0.295,
    0.295,
    0.31,
    0.26,
    0.28,
    0.25,
    0.315,
    0.255,
    0.305,
    0.29,
    0.325,
    0.28,
    0.33,
    0.28,
    0.275,
    0.25,
    0.315,
    0.285,
    0.315,
    0.255,
    0.29,
    0.31,
    0.3,
    0.235,
    0.37,
    0.28,
    0.255,
    0.3,
    0.305,
    0.2,
    0.325,
    0.305,
    0.34,
    0.295,
    0.315,
    0.275,
    0.245,
    0.28,
    0.275,
    0.265,
    0.305,
    0.29,
    0.275,
    0.325
  ],
  "generations": 300,
  "opponent": "alphabeta",
  "opponent_depth": 2,
  "games_per_eval": 200,
  "tier_best": {
    "sky": [
      6.943975541914191,
      2.68002916756083,
      8.084618440596607
    ],
    "ground": [
      -3.446379277835587,
      2.2895418803590157,
      0.21043870531210268,
      14.47669512238869,
      5.06828185848101,
      1.772434122952158,
      0.15722561321816908,
      -4.55773240937194
    ],
    "underworld": [
      1.306835302352376,
      -5.385471232636729,
      7.70092963851708
    ]
  }
}