{
  "run_id": 1,
  "best_win_rate": 0.5,
  "best_weights": [
    4.791382339376946,
    -3.338975418134914,
    3.324288312065635,
    0.5927018036835673,
    0.7817474004247976,
    1.3538976316458267,
    4.922611450590482,
    1.1482320456427368,
    0.9869848464859368,
    2.6170986017551523,
    1.1250024295376446,
    0.5769882405914506,
    3.999735004418916,
    4.467023657828619
  ],
  "fitness_log": [
    0.4,
    0.6,
    0.6,
    0.2,
    0.3,
    0.3,
    0.5,
    0.5,
    0.7,
    0.3,
    0.3,
    0.5,
    0.6,
    0.5,
    0.6,
    0.8,
    0.7,
    0.5,
    0.7,
    0.4,
    0.7,
    0.6,
    0.3,
    0.5,
    0.7,
    0.4,
    0.5,
    0.5,
    0.5,
    0.5,
    0.6,
    0.6,
    0.6,
    0.6,
    0.3,
    0.8,
    0.5,
    0.7,
    0.6,
    0.8,
    0.5,
    0.4,
    0.6,
    0.4,
    0.2,
    0.5,
    0.6,
    0.7,
    0.7,
    0.7,
    0.4,
    0.6,
    0.7,
    0.4,
    0.5,
    0.4,
    0.4,
    0.6,
    0.4,
    0.6,
    0.9,
    0.3,
    0.6,
    0.9,
    0.6,
    0.5,
    0.5,
    0.7,
    0.7,
    0.6,
    0.7,
    0.6,
    0.6,
    0.3,
    0.4,
    0.5,
    0.9,
    0.6,
    0.2,
    0.7,
    0.7,
    0.3,
    0.6,
    0.7,
    0.7,
    0.4,
    0.8,
    0.5,
    0.7,
    0.3
  ],
  "generations": 90,
  "opponent": "greedyvalue",
  "games_per_eval": 10,
  "tier_best": {
    "sky": [
      4.752492516733588,
      -2.969228455945228,
      1.5932346639923467
    ],
    "ground": [
      0.8573922348978167,
      0.791758314915176,
      1.6975661122303598,
      4.635773500079953,
      0.6221933276740641,
      1.4566662020847367,
      2.7607589062223443,
      0.9634550698580793
    ],
    "underworld": [
      29.951519598810467,
      34.64280087312262,
      68.60149890800376
    ]
  }
}