{
  "run_id": 12,
  "completed_at_utc": "2026-03-15T23:26:24Z",
  "best_win_rate": 0.315,
  "best_weights": [
    11.69779164514743,
    1.306056922032028,
    15.296950422261586,
    0.131435282352668,
    10.368521186506968,
    1.2921378641524783,
    7.040524027221369,
    4.673959587138046,
    8.001792269633844,
    13.290819211921436,
    -11.828586688734271,
    7.754712671008354,
    0.622661043361511,
    3.775706967572304
  ],
  "fitness_log": [
    0.195,
    0.2,
    0.19,
    0.215,
    0.225,
    0.24,
    0.27,
    0.235,
    0.29,
    0.225,
    0.27,
    0.355,
    0.31,
    0.225,
    0.3,
    0.34,
    0.275,
    0.295,
    0.235,
    0.365,
    0.275,
    0.295,
    0.3,
    0.3,
    0.26,
    0.315,
    0.28,
    0.335,
    0.29,
    0.3,
    0.33,
    0.27,
    0.3,
    0.31,
    0.265,
    0.255,
    0.245,
    0.31,
    0.3,
    0.31,
    0.375,
    0.225,
    0.255,
    0.265,
    0.28,
    0.235,
    0.26,
    0.29,
    0.315,
    0.255,
    0.255,
    0.33,
    0.335,
    0.255,
    0.275,
    0.235,
    0.295,
    0.26,
    0.27,
    0.335,
    0.31,
    0.29,
    0.3,
    0.31,
    0.305,
    0.29,
    0.28,
    0.305,
    0.31,
    0.275,
    0.305,
    0.3,
    0.28,
    0.315,
    0.285,
    0.28,
    0.325,
    0.27,
    0.26,
    0.35,
    0.26,
    0.305,
    0.275,
    0.285,
    0.285,
    0.31,
    0.335,
    0.275,
    0.285,
    0.34,
    0.27,
    0.285,
    0.305,
    0.23,
    0.335,
    0.295,
    0.335,
    0.29,
    0.255,
    0.255,
    0.305,
    0.265,
    0.285,
    0.34,
    0.255,
    0.28,
    0.26,
    0.285,
    0.29,
    0.21,
    0.305,
    0.28,
    0.285,
    0.3,
    0.315,
    0.295,
    0.35,
    0.31,
    0.25,
    0.3,
    0.275,
    0.315,
    0.295,
    0.26,
    0.28,
    0.275,
    0.24,
    0.285,
    0.32,
    0.29,
    0.285,
    0.32,
    0.285,
    0.245,
    0.24,
    0.35,
    0.27,
    0.275,
    0.315,
    0.295,
    0.28,
    0.225,
    0.27,
    0.35,
    0.25,
    0.22,
    0.265,
    0.28,
    0.305,
    0.26,
    0.28,
    0.305,
    0.265,
    0.265,
    0.275,
    0.22,
    0.305,
    0.33,
    0.315,
    0.26,
    0.27,
    0.345,
    0.305,
    0.365,
    0.32,
    0.275,
    0.295,
    0.3,
    0.285,
    0.255,
    0.335,
    0.335,
    0.26,
    0.225,
    0.25,
    0.23,
    0.265,
    0.325,
    0.28,
    0.245,
    0.35,
    0.295,
    0.265,
    0.3,
    0.255,
    0.28,
    0.3,
    0.255,
    0.315,
    0.265,
    0.295,
    0.26,
    0.285,
    0.26,
    0.27,
    0.29,
    0.3,
    0.295,
    0.29,
    0.27,
    0.335,
    0.35,
    0.27,
    0.27,
    0.275,
    0.35,
    0.215,
    0.27,
    0.27,
    0.335,
    0.355,
    0.3,
    0.275,
    0.32,
    0.315,
    0.315,
    0.255,
    0.305,
    0.265,
    0.28,
    0.295,
    0.315,
    0.295,
    0.275,
    0.23,
    0.25,
    0.29,
    0.37,
    0.275,
    0.315,
    0.325,
    0.29,
    0.265,
    0.285,
    0.315,
    0.29,
    0.3,
    0.265,
    0.34,
    0.31,
    0.38,
    0.265,
    0.285,
    0.255,
    0.345,
    0.33,
    0.26,
    0.335,
    0.285,
    0.295,
    0.285,
    0.29,
    0.31,
    0.26,
    0.26,
    0.33,
    0.255,
    0.31,
    0.32,
    0.305,
    0.32,
    0.275,
    0.3,
    0.305,
    0.295,
    0.345,
    0.285,
    0.285,
    0.32,
    0.34,
    0.35,
    0.285,
    0.305,
    0.27,
    0.22,
    0.275,
    0.275,
    0.31,
    0.31,
    0.27,
    0.28,
    0.3,
    0.36,
    0.27,
    0.295,
    0.265,
    0.32,
    0.31,
    0.34,
    0.265,
    0.27,
    0.265,
    0.285,
    0.305,
    0.36,
    0.305,
    0.26,
    0.24,
    0.265,
    0.285
  ],
  "generations": 300,
  "opponent": "alphabeta",
  "opponent_depth": 2,
  "games_per_eval": 200,
  "tier_best": {
    "sky": [
      12.266412528782158,
      2.3718448014940594,
      15.003036893808535
    ],
    "ground": [
      -0.3127937203512619,
      10.342336987082598,
      1.0157259956483775,
      8.264502785164614,
      3.7647904168628283,
      7.9875371284673395,
      12.53418870229387,
      -12.22267388826151
    ],
    "underworld": [
      7.236032813493984,
      -0.5362187174015888,
      2.9632614595590767
    ]
  }
}