{
  "run_id": 1,
  "completed_at_utc": "2026-03-16T03:02:31Z",
  "best_win_rate": 0.295,
  "best_weights": [
    17.112352800357684,
    21.762523110530676,
    11.808406749492628,
    -16.858575870257784,
    12.941772718361298,
    56.32365906323372,
    13.128984192142141,
    -24.170975262329904,
    8.74669691465215,
    28.832769111861005,
    -15.932792583510336,
    7.120929027998457,
    7.246863883625866,
    1.1189995040088763
  ],
  "fitness_log": [
    0.21,
    0.24,
    0.19,
    0.295,
    0.275,
    0.33,
    0.22,
    0.285,
    0.25,
    0.27,
    0.23,
    0.3,
    0.345,
    0.235,
    0.295,
    0.265,
    0.28,
    0.24,
    0.2,
    0.27,
    0.275,
    0.295,
    0.375,
    0.355,
    0.29,
    0.29,
    0.22,
    0.255,
    0.28,
    0.265,
    0.235,
    0.31,
    0.215,
    0.31,
    0.295,
    0.325,
    0.28,
    0.28,
    0.26,
    0.265,
    0.325,
    0.345,
    0.335,
    0.305,
    0.32,
    0.275,
    0.295,
    0.345,
    0.335,
    0.33,
    0.3,
    0.245,
    0.26,
    0.285,
    0.31,
    0.23,
    0.32,
    0.285,
    0.285,
    0.295,
    0.305,
    0.285,
    0.35,
    0.29,
    0.265,
    0.305,
    0.31,
    0.25,
    0.265,
    0.315,
    0.34,
    0.34,
    0.345,
    0.235,
    0.315,
    0.255,
    0.335,
    0.255,
    0.3,
    0.31,
    0.27,
    0.335,
    0.295,
    0.33,
    0.375,
    0.305,
    0.265,
    0.33,
    0.33,
    0.245,
    0.245,
    0.335,
    0.28,
    0.31,
    0.28,
    0.25,
    0.3,
    0.325,
    0.31,
    0.315,
    0.37,
    0.325,
    0.305,
    0.355,
    0.375,
    0.365,
    0.235,
    0.34,
    0.27,
    0.3,
    0.29,
    0.275,
    0.29,
    0.31,
    0.28,
    0.31,
    0.315,
    0.34,
    0.36,
    0.34,
    0.325,
    0.32,
    0.315,
    0.285,
    0.235,
    0.275,
    0.275,
    0.26,
    0.315,
    0.225,
    0.275,
    0.32,
    0.35,
    0.325,
    0.325,
    0.26,
    0.285,
    0.305,
    0.31,
    0.31,
    0.295,
    0.315,
    0.35,
    0.255,
    0.315,
    0.355,
    0.22,
    0.23,
    0.275,
    0.275,
    0.28,
    0.285,
    0.33,
    0.31,
    0.275,
    0.31,
    0.345,
    0.32,
    0.315,
    0.34,
    0.315,
    0.305,
    0.285,
    0.265,
    0.27,
    0.305,
    0.26,
    0.295,
    0.29,
    0.3,
    0.265,
    0.285,
    0.305,
    0.275,
    0.33,
    0.31,
    0.345,
    0.3,
    0.31,
    0.275,
    0.315,
    0.32,
    0.35,
    0.215,
    0.335,
    0.35,
    0.25,
    0.305,
    0.3,
    0.295,
    0.29,
    0.295,
    0.345,
    0.295,
    0.29,
    0.28,
    0.325,
    0.3,
    0.305,
    0.355,
    0.275,
    0.295,
    0.305,
    0.29,
    0.3,
    0.235,
    0.365,
    0.335,
    0.335,
    0.335,
    0.36,
    0.285,
    0.32,
    0.3,
    0.27,
    0.34,
    0.325,
    0.31,
    0.25,
    0.325,
    0.355,
    0.345,
    0.34,
    0.34,
    0.28,
    0.315,
    0.325,
    0.3,
    0.285,
    0.275,
    0.255,
    0.315,
    0.26,
    0.295,
    0.31,
    0.26,
    0.33,
    0.32,
    0.315,
    0.27,
    0.335,
    0.28,
    0.27,
    0.36,
    0.28,
    0.28,
    0.26,
    0.325,
    0.28,
    0.305,
    0.285,
    0.295,
    0.305,
    0.34,
    0.265,
    0.305,
    0.285,
    0.275,
    0.27,
    0.28,
    0.35,
    0.31,
    0.31,
    0.33,
    0.325,
    0.305,
    0.31,
    0.27,
    0.295,
    0.255,
    0.3,
    0.355,
    0.33,
    0.31,
    0.235,
    0.34,
    0.27,
    0.26,
    0.275,
    0.33,
    0.34,
    0.285,
    0.305,
    0.325,
    0.325,
    0.315,
    0.29,
    0.3,
    0.225,
    0.34,
    0.28,
    0.315,
    0.28,
    0.295,
    0.355,
    0.305,
    0.295,
    0.28,
    0.245,
    0.34
  ],
  "generations": 300,
  "opponent": "alphabeta",
  "opponent_depth": 2,
  "games_per_eval": 200,
  "tier_best": {
    "sky": [
      41.85179986037401,
      44.61742286355084,
      5.687791322625963
    ],
    "ground": [
      7.908789980288065,
      37.6171262166867,
      116.40663257209314,
      13.884438820581455,
      -38.59954062666473,
      14.027550918615812,
      49.83566771273326,
      -15.048158494715638
    ],
    "underworld": [
      5.969348301756992,
      6.773185245820139,
      0.7496357219031271
    ]
  }
}