{
  "run_id": 4,
  "best_win_rate": 0.4,
  "best_weights": [
    -3.5374084492083004,
    9.61991242481774,
    4.244468570592915,
    -2.5998568491342993,
    0.23030147506373794,
    -0.1723970065516629,
    2.762966510547865,
    1.1065053085973846,
    1.920949739812463,
    6.377115668515978,
    0.633391828335674,
    -3.1281943868424364,
    4.039148978230311,
    8.388034928621
  ],
  "fitness_log": [
    0.3,
    0.6,
    0.4,
    0.2,
    0.4,
    0.4,
    0.8,
    0.3,
    0.5,
    0.7,
    0.6,
    0.5,
    0.8,
    0.5,
    0.5,
    0.5,
    0.6,
    0.6,
    0.8,
    0.4,
    0.6,
    0.5,
    0.6,
    0.6,
    0.4,
    0.6,
    0.7,
    0.8,
    0.7,
    0.7,
    0.6,
    0.7,
    0.4,
    0.8,
    0.9,
    0.5,
    0.9,
    0.3,
    0.6,
    0.6,
    1.0,
    0.7,
    0.8,
    0.9,
    0.8,
    0.8,
    0.7,
    0.6,
    0.6,
    0.5,
    0.8,
    0.8,
    0.7,
    0.8,
    0.9,
    0.6,
    0.9,
    0.5,
    0.7,
    0.7,
    0.8,
    0.7,
    0.8,
    0.9,
    1.0,
    0.9,
    0.6,
    0.7,
    0.7,
    0.6,
    0.8,
    0.7,
    0.6,
    0.9,
    0.8,
    0.6,
    0.9,
    0.4,
    0.8,
    0.6,
    0.8,
    0.7,
    0.6,
    0.8,
    0.6,
    0.5,
    0.7,
    0.7,
    0.8,
    0.6
  ],
  "generations": 90,
  "opponent": "greedyvalue",
  "games_per_eval": 10,
  "tier_best": {
    "sky": [
      -2.4221308564985713,
      8.507525844544446,
      3.841859848504753
    ],
    "ground": [
      -0.6647420237916116,
      1.774009238426155,
      7.2186292770712175,
      7.749507167016968,
      12.07880733417151,
      3.78423640766199,
      4.061595213098158,
      -3.7796252066726472
    ],
    "underworld": [
      -5.75549554680653,
      2.8072069202223293,
      3.842915410483872
    ]
  }
}