{
  "run_id": 6,
  "best_win_rate": 0.5,
  "best_weights": [
    -1.6898545159328044,
    1.0673005970011866,
    0.8631592597873665,
    -0.7100147510380135,
    -0.9022786814177004,
    2.6147303316890587,
    1.6469313985698046,
    2.6601297867370253,
    -0.08928494842966284,
    -0.9673425271944991,
    2.280527899442884,
    -1.8571868661698285,
    -0.12619078393679883,
    1.664589556464286
  ],
  "fitness_log": [
    0.2,
    0.3,
    0.4,
    0.6,
    0.4,
    0.4,
    0.6,
    0.5,
    0.7,
    0.4,
    0.5,
    0.7,
    0.4,
    0.3,
    0.7,
    0.8,
    0.1,
    0.6,
    0.7,
    0.6,
    0.6,
    0.7,
    1.0,
    0.7,
    0.9,
    0.9,
    0.7,
    0.7,
    0.7,
    0.8,
    0.7,
    0.6,
    0.8,
    0.4,
    0.8,
    0.8,
    0.8,
    0.6,
    0.9,
    0.9,
    0.9,
    0.7,
    0.7,
    0.7,
    0.6,
    0.6,
    0.9,
    0.8,
    0.9,
    1.0,
    0.6,
    0.9,
    1.0,
    0.7,
    0.8,
    0.7,
    0.6,
    0.8,
    0.5,
    0.4,
    0.8,
    0.4,
    0.6,
    0.5,
    0.9,
    0.8,
    0.7,
    0.4,
    0.6,
    0.5,
    0.6,
    0.4,
    0.5,
    0.6,
    0.6,
    0.6,
    0.5,
    0.9,
    0.8,
    0.7,
    0.5,
    0.5,
    0.6,
    0.4,
    0.8,
    0.7,
    0.8,
    0.5,
    0.5,
    0.6
  ],
  "generations": 90,
  "opponent": "greedyvalue",
  "games_per_eval": 10,
  "tier_best": {
    "sky": [
      0.2839986648773815,
      2.885410310145275,
      0.7236183811486572
    ],
    "ground": [
      6.006879886882128,
      -0.4733175824601502,
      -0.5182226462659972,
      2.171183244507374,
      0.18161641707259624,
      1.1763463180524993,
      2.0235497888988925,
      0.268043857641162
    ],
    "underworld": [
      -0.7166086837699056,
      2.5249574869045195,
      2.5188444083017254
    ]
  }
}