{
  "run_id": 11,
  "completed_at_utc": "2026-03-16T05:04:16Z",
  "best_win_rate": 0.27,
  "best_weights": [
    0.39628101959492595,
    5.252133024669203,
    0.20383494851833323,
    -5.986147856402184,
    14.509334151805072,
    9.502305987451978,
    10.701167469638165,
    -5.0493022845647975,
    3.882218077326644,
    9.362080935143993,
    -19.397869667097172,
    32.03854648986879,
    2.9370603169595046,
    68.09153119149997
  ],
  "fitness_log": [
    0.235,
    0.165,
    0.255,
    0.265,
    0.25,
    0.275,
    0.255,
    0.24,
    0.2,
    0.26,
    0.26,
    0.285,
    0.235,
    0.225,
    0.3,
    0.285,
    0.26,
    0.235,
    0.285,
    0.235,
    0.27,
    0.285,
    0.29,
    0.255,
    0.3,
    0.3,
    0.26,
    0.26,
    0.335,
    0.35,
    0.325,
    0.31,
    0.28,
    0.325,
    0.325,
    0.285,
    0.315,
    0.35,
    0.28,
    0.295,
    0.3,
    0.3,
    0.25,
    0.295,
    0.32,
    0.31,
    0.255,
    0.295,
    0.29,
    0.31,
    0.3,
    0.3,
    0.325,
    0.305,
    0.27,
    0.265,
    0.28,
    0.275,
    0.305,
    0.3,
    0.32,
    0.345,
    0.335,
    0.22,
    0.265,
    0.325,
    0.255,
    0.36,
    0.33,
    0.27,
    0.36,
    0.35,
    0.29,
    0.33,
    0.32,
    0.245,
    0.3,
    0.26,
    0.34,
    0.275,
    0.275,
    0.315,
    0.27,
    0.265,
    0.285,
    0.29,
    0.255,
    0.24,
    0.235,
    0.27,
    0.285,
    0.27,
    0.265,
    0.28,
    0.305,
    0.27,
    0.27,
    0.27,
    0.325,
    0.32,
    0.255,
    0.33,
    0.265,
    0.31,
    0.325,
    0.305,
    0.31,
    0.295,
    0.31,
    0.32,
    0.305,
    0.315,
    0.27,
    0.3,
    0.27,
    0.275,
    0.32,
    0.26,
    0.315,
    0.265,
    0.28,
    0.25,
    0.315,
    0.28,
    0.315,
    0.335,
    0.29,
    0.3,
    0.325,
    0.31,
    0.255,
    0.28,
    0.28,
    0.275,
    0.295,
    0.26,
    0.32,
    0.255,
    0.275,
    0.315,
    0.3,
    0.29,
    0.305,
    0.275,
    0.305,
    0.3,
    0.315,
    0.325,
    0.295,
    0.33,
    0.32,
    0.29,
    0.285,
    0.25,
    0.265,
    0.28,
    0.335,
    0.265,
    0.325,
    0.3,
    0.25,
    0.325,
    0.285,
    0.35,
    0.27,
    0.315,
    0.335,
    0.34,
    0.27,
    0.29,
    0.32,
    0.37,
    0.265,
    0.35,
    0.265,
    0.3,
    0.325,
    0.23,
    0.35,
    0.23,
    0.315,
    0.285,
    0.315,
    0.32,
    0.34,
    0.31,
    0.31,
    0.295,
    0.305,
    0.33,
    0.34,
    0.315,
    0.265,
    0.285,
    0.325,
    0.155,
    0.25,
    0.32,
    0.31,
    0.325,
    0.35,
    0.295,
    0.27,
    0.275,
    0.32,
    0.345,
    0.3,
    0.29,
    0.275,
    0.345,
    0.305,
    0.29,
    0.33,
    0.275,
    0.28,
    0.34,
    0.3,
    0.275,
    0.335,
    0.29,
    0.255,
    0.275,
    0.32,
    0.29,
    0.275,
    0.315,
    0.26,
    0.28,
    0.29,
    0.31,
    0.24,
    0.285,
    0.33,
    0.31,
    0.235,
    0.33,
    0.25,
    0.26,
    0.27,
    0.32,
    0.325,
    0.265,
    0.285,
    0.36,
    0.27,
    0.27,
    0.35,
    0.305,
    0.285,
    0.3,
    0.335,
    0.295,
    0.26,
    0.275,
    0.285,
    0.28,
    0.335,
    0.295,
    0.31,
    0.315,
    0.305,
    0.31,
    0.335,
    0.32,
    0.27,
    0.305,
    0.29,
    0.265,
    0.25,
    0.245,
    0.285,
    0.2,
    0.3,
    0.29,
    0.3,
    0.31,
    0.34,
    0.26,
    0.275,
    0.325,
    0.255,
    0.305,
    0.325,
    0.275,
    0.34,
    0.35,
    0.245,
    0.32,
    0.225,
    0.26,
    0.305,
    0.265,
    0.195,
    0.28,
    0.335,
    0.295,
    0.33,
    0.29,
    0.285,
    0.305
  ],
  "generations": 300,
  "opponent": "alphabeta",
  "opponent_depth": 2,
  "games_per_eval": 200,
  "tier_best": {
    "sky": [
      2.377976730714813,
      7.436387031089379,
      1.124209103236052
    ],
    "ground": [
      -10.674580449110882,
      11.738214233236018,
      2.3392054695251154,
      22.362032292569687,
      -26.405959705715315,
      21.548077603298744,
      13.411103025124554,
      -30.46118142988372
    ],
    "underworld": [
      6.030567171871781,
      -11.724117834565366,
      33.93635181706864
    ]
  }
}