{
  "run_id": 4,
  "completed_at_utc": "2026-03-15T23:42:40Z",
  "best_win_rate": 0.325,
  "best_weights": [
    2.3068067607678913,
    3.260761275928174,
    4.965193015103589,
    24.912668408663443,
    19.167732987338187,
    11.799284540190218,
    60.877334326620414,
    51.25136696304113,
    58.60947390230526,
    41.55803066719222,
    11.0166430813148,
    -314.4921663442955,
    878.6952264356565,
    -328.47832231542105
  ],
  "fitness_log": [
    0.195,
    0.31,
    0.29,
    0.22,
    0.185,
    0.315,
    0.275,
    0.245,
    0.29,
    0.32,
    0.255,
    0.29,
    0.34,
    0.32,
    0.285,
    0.29,
    0.3,
    0.305,
    0.285,
    0.28,
    0.26,
    0.25,
    0.365,
    0.25,
    0.28,
    0.275,
    0.34,
    0.32,
    0.31,
    0.29,
    0.33,
    0.35,
    0.275,
    0.315,
    0.275,
    0.315,
    0.3,
    0.265,
    0.365,
    0.325,
    0.285,
    0.315,
    0.37,
    0.255,
    0.35,
    0.295,
    0.335,
    0.3,
    0.295,
    0.24,
    0.24,
    0.31,
    0.28,
    0.32,
    0.29,
    0.285,
    0.325,
    0.315,
    0.27,
    0.27,
    0.26,
    0.26,
    0.285,
    0.255,
    0.3,
    0.285,
    0.245,
    0.33,
    0.345,
    0.275,
    0.27,
    0.27,
    0.345,
    0.375,
    0.3,
    0.275,
    0.285,
    0.235,
    0.24,
    0.34,
    0.375,
    0.27,
    0.3,
    0.275,
    0.295,
    0.295,
    0.245,
    0.29,
    0.345,
    0.28,
    0.255,
    0.26,
    0.28,
    0.22,
    0.265,
    0.24,
    0.345,
    0.335,
    0.31,
    0.3,
    0.245,
    0.335,
    0.305,
    0.25,
    0.275,
    0.315,
    0.27,
    0.325,
    0.28,
    0.315,
    0.325,
    0.305,
    0.305,
    0.265,
    0.3,
    0.275,
    0.3,
    0.33,
    0.265,
    0.27,
    0.265,
    0.36,
    0.295,
    0.235,
    0.3,
    0.265,
    0.3,
    0.32,
    0.35,
    0.305,
    0.3,
    0.28,
    0.23,
    0.37,
    0.315,
    0.255,
    0.28,
    0.285,
    0.31,
    0.33,
    0.39,
    0.31,
    0.33,
    0.275,
    0.285,
    0.275,
    0.31,
    0.29,
    0.37,
    0.275,
    0.255,
    0.305,
    0.3,
    0.365,
    0.255,
    0.335,
    0.31,
    0.33,
    0.315,
    0.32,
    0.29,
    0.32,
    0.335,
    0.3,
    0.265,
    0.26,
    0.24,
    0.295,
    0.28,
    0.255,
    0.345,
    0.305,
    0.28,
    0.31,
    0.325,
    0.31,
    0.33,
    0.355,
    0.28,
    0.32,
    0.375,
    0.315,
    0.415,
    0.33,
    0.33,
    0.29,
    0.315,
    0.33,
    0.3,
    0.265,
    0.29,
    0.23,
    0.25,
    0.265,
    0.325,
    0.305,
    0.295,
    0.3,
    0.36,
    0.34,
    0.265,
    0.315,
    0.31,
    0.27,
    0.21,
    0.29,
    0.26,
    0.35,
    0.265,
    0.32,
    0.28,
    0.335,
    0.25,
    0.29,
    0.285,
    0.325,
    0.24,
    0.295,
    0.3,
    0.38,
    0.3,
    0.275,
    0.3,
    0.345,
    0.315,
    0.34,
    0.32,
    0.3,
    0.385,
    0.295,
    0.34,
    0.325,
    0.315,
    0.36,
    0.275,
    0.31,
    0.305,
    0.305,
    0.365,
    0.315,
    0.305,
    0.28,
    0.26,
    0.31,
    0.275,
    0.26,
    0.265,
    0.27,
    0.335,
    0.29,
    0.265,
    0.32,
    0.3,
    0.36,
    0.29,
    0.29,
    0.265,
    0.355,
    0.33,
    0.295,
    0.24,
    0.32,
    0.345,
    0.305,
    0.31,
    0.335,
    0.26,
    0.245,
    0.34,
    0.305,
    0.31,
    0.305,
    0.335,
    0.275,
    0.355,
    0.345,
    0.285,
    0.245,
    0.27,
    0.3,
    0.33,
    0.275,
    0.295,
    0.3,
    0.27,
    0.345,
    0.265,
    0.32,
    0.265,
    0.265,
    0.31,
    0.335,
    0.32,
    0.34,
    0.32,
    0.33,
    0.325,
    0.285,
    0.36,
    0.305
  ],
  "generations": 300,
  "opponent": "alphabeta",
  "opponent_depth": 2,
  "games_per_eval": 200,
  "tier_best": {
    "sky": [
      7.750087507181054,
      2.478353403875647,
      7.380525704667127
    ],
    "ground": [
      18.108859770026026,
      17.334672824714747,
      19.758927761658317,
      49.02794686878359,
      33.31938088386578,
      38.78104564846893,
      37.39607191941554,
      10.21562165343442
    ],
    "underworld": [
      -327.1757577457982,
      906.4750866272102,
      -338.0614812833047
    ]
  }
}