{
  "run_id": 3,
  "completed_at_utc": "2026-03-16T01:18:53Z",
  "best_win_rate": 0.31,
  "best_weights": [
    12.45308321459685,
    12.168697869062512,
    0.2623279039200467,
    -23.640341621010347,
    158.67487807952747,
    24.257455947227953,
    94.38292771017801,
    -202.33094469544227,
    175.6931302331978,
    160.23911452948212,
    -44.70038892721866,
    30.322503242080625,
    27.5601704148469,
    22.2936400613859
  ],
  "fitness_log": [
    0.165,
    0.22,
    0.215,
    0.165,
    0.17,
    0.23,
    0.215,
    0.2,
    0.22,
    0.255,
    0.185,
    0.24,
    0.265,
    0.185,
    0.27,
    0.28,
    0.27,
    0.28,
    0.37,
    0.28,
    0.255,
    0.285,
    0.29,
    0.305,
    0.255,
    0.28,
    0.235,
    0.265,
    0.24,
    0.31,
    0.3,
    0.315,
    0.31,
    0.23,
    0.29,
    0.335,
    0.285,
    0.28,
    0.315,
    0.295,
    0.29,
    0.31,
    0.285,
    0.28,
    0.215,
    0.35,
    0.275,
    0.2,
    0.29,
    0.325,
    0.22,
    0.24,
    0.275,
    0.325,
    0.325,
    0.3,
    0.335,
    0.28,
    0.31,
    0.315,
    0.275,
    0.275,
    0.245,
    0.31,
    0.235,
    0.28,
    0.245,
    0.325,
    0.275,
    0.33,
    0.285,
    0.225,
    0.32,
    0.305,
    0.255,
    0.32,
    0.29,
    0.37,
    0.285,
    0.295,
    0.35,
    0.32,
    0.295,
    0.32,
    0.335,
    0.28,
    0.355,
    0.275,
    0.295,
    0.295,
    0.27,
    0.27,
    0.3,
    0.315,
    0.305,
    0.29,
    0.285,
    0.29,
    0.295,
    0.29,
    0.34,
    0.3,
    0.26,
    0.345,
    0.275,
    0.305,
    0.37,
    0.345,
    0.245,
    0.275,
    0.295,
    0.35,
    0.325,
    0.305,
    0.26,
    0.285,
    0.32,
    0.31,
    0.245,
    0.305,
    0.295,
    0.29,
    0.28,
    0.27,
    0.29,
    0.29,
    0.355,
    0.245,
    0.265,
    0.345,
    0.225,
    0.315,
    0.325,
    0.27,
    0.3,
    0.305,
    0.38,
    0.3,
    0.315,
    0.315,
    0.305,
    0.32,
    0.3,
    0.32,
    0.3,
    0.22,
    0.3,
    0.275,
    0.325,
    0.255,
    0.24,
    0.335,
    0.33,
    0.33,
    0.305,
    0.39,
    0.295,
    0.315,
    0.235,
    0.275,
    0.355,
    0.305,
    0.305,
    0.33,
    0.29,
    0.33,
    0.275,
    0.24,
    0.255,
    0.29,
    0.35,
    0.375,
    0.255,
    0.285,
    0.3,
    0.265,
    0.335,
    0.3,
    0.32,
    0.28,
    0.235,
    0.305,
    0.305,
    0.28,
    0.33,
    0.325,
    0.325,
    0.31,
    0.285,
    0.295,
    0.3,
    0.25,
    0.36,
    0.28,
    0.34,
    0.35,
    0.32,
    0.33,
    0.28,
    0.28,
    0.34,
    0.245,
    0.3,
    0.325,
    0.31,
    0.26,
    0.28,
    0.315,
    0.265,
    0.305,
    0.33,
    0.255,
    0.345,
    0.315,
    0.285,
    0.38,
    0.285,
    0.25,
    0.255,
    0.35,
    0.31,
    0.345,
    0.29,
    0.255,
    0.27,
    0.29,
    0.34,
    0.325,
    0.305,
    0.33,
    0.29,
    0.28,
    0.32,
    0.29,
    0.265,
    0.32,
    0.325,
    0.27,
    0.34,
    0.32,
    0.34,
    0.315,
    0.3,
    0.365,
    0.295,
    0.29,
    0.27,
    0.24,
    0.335,
    0.305,
    0.325,
    0.295,
    0.26,
    0.305,
    0.395,
    0.265,
    0.255,
    0.29,
    0.285,
    0.285,
    0.265,
    0.295,
    0.285,
    0.255,
    0.265,
    0.315,
    0.325,
    0.28,
    0.275,
    0.29,
    0.275,
    0.3,
    0.335,
    0.305,
    0.275,
    0.26,
    0.235,
    0.255,
    0.26,
    0.35,
    0.275,
    0.32,
    0.265,
    0.285,
    0.325,
    0.37,
    0.245,
    0.35,
    0.32,
    0.34,
    0.32,
    0.26,
    0.355,
    0.335,
    0.385,
    0.305,
    0.315,
    0.345,
    0.325,
    0.34
  ],
  "generations": 300,
  "opponent": "alphabeta",
  "opponent_depth": 2,
  "games_per_eval": 200,
  "tier_best": {
    "sky": [
      12.492907570011807,
      13.895724642124113,
      0.9508457800929406
    ],
    "ground": [
      -57.42137013805051,
      20.143394483377538,
      22.659940686660544,
      77.57439436221118,
      -171.68923344884584,
      129.97492058159267,
      138.1350570307559,
      -27.324443682457193
    ],
    "underworld": [
      34.11161070537864,
      30.810105715190197,
      4.652414755266014
    ]
  }
}