{
  "run_id": 3,
  "best_win_rate": 0.8,
  "best_weights": [
    -3.238037748739792,
    2.7370216447017834,
    2.461032607380944,
    1.0288812416505997,
    1.0455545023895443,
    -0.028484077765938032,
    1.440019180848345,
    0.23001952301473577,
    0.04238557364054063,
    -0.6031316998567544,
    1.4689175357396205,
    -1.6997327686067762,
    1.1348794222642642,
    1.1399465155116704
  ],
  "fitness_log": [
    0.3,
    0.7,
    0.7,
    0.8,
    0.9,
    0.8,
    0.5,
    0.7,
    0.6,
    0.6,
    0.6,
    0.7,
    0.6,
    0.8,
    0.8,
    0.7,
    0.8,
    0.8,
    0.6,
    0.6,
    0.7,
    0.6,
    0.8,
    0.7,
    0.8,
    0.6,
    0.8,
    0.6,
    1.0,
    0.6,
    0.5,
    0.8,
    0.6,
    0.6,
    0.6,
    0.8,
    0.3,
    0.8,
    0.7,
    0.5,
    0.5,
    1.0,
    0.6,
    0.6,
    0.4,
    0.4,
    0.5,
    0.8,
    0.7,
    0.6,
    0.7,
    0.5,
    0.6,
    0.6,
    0.4,
    0.7,
    0.8,
    0.7,
    0.7,
    0.7,
    0.7,
    1.0,
    0.4,
    0.7,
    0.8,
    0.5,
    0.5,
    0.9,
    0.7,
    0.8,
    0.3,
    0.6,
    0.7,
    0.9,
    0.7,
    0.9,
    0.5,
    0.7,
    0.3,
    0.7,
    0.6,
    0.9,
    0.5,
    0.7,
    0.7,
    0.7,
    0.9,
    0.7,
    0.6,
    0.6
  ],
  "generations": 90,
  "opponent": "greedyvalue",
  "games_per_eval": 10,
  "tier_best": {
    "sky": [
      -5.590649189167146,
      10.158941012201973,
      9.142134674121712
    ],
    "ground": [
      -0.8417741095711795,
      6.621015122445522,
      1.1703084167708577,
      11.065234689010996,
      0.5585814719036772,
      -1.4841754874236897,
      1.1604883807508621,
      -1.4226199841046192
    ],
    "underworld": [
      0.9086421232162466,
      0.3526187546487197,
      1.3630464154411035
    ]
  }
}