{
  "run_id": 2,
  "completed_at_utc": "2026-03-16T02:38:47Z",
  "best_win_rate": 0.245,
  "best_weights": [
    0.936291758291615,
    6.521112468969943,
    -0.01442466781100582,
    54.499380344463034,
    58.54541597848597,
    62.1553450254785,
    18.236393601593093,
    6.0649912389231275,
    63.31614154852328,
    90.12130509931019,
    28.14481543186553,
    3326.3727040802346,
    1616.898750882771,
    -2431.787718502463
  ],
  "fitness_log": [
    0.23,
    0.245,
    0.235,
    0.2,
    0.275,
    0.225,
    0.23,
    0.22,
    0.225,
    0.27,
    0.22,
    0.255,
    0.28,
    0.26,
    0.235,
    0.22,
    0.225,
    0.185,
    0.24,
    0.265,
    0.205,
    0.28,
    0.24,
    0.225,
    0.235,
    0.195,
    0.235,
    0.255,
    0.22,
    0.235,
    0.225,
    0.21,
    0.225,
    0.295,
    0.255,
    0.205,
    0.24,
    0.235,
    0.31,
    0.265,
    0.315,
    0.23,
    0.27,
    0.27,
    0.26,
    0.29,
    0.3,
    0.275,
    0.28,
    0.3,
    0.255,
    0.255,
    0.345,
    0.35,
    0.315,
    0.26,
    0.265,
    0.23,
    0.34,
    0.325,
    0.28,
    0.27,
    0.34,
    0.265,
    0.29,
    0.23,
    0.285,
    0.23,
    0.265,
    0.325,
    0.265,
    0.32,
    0.325,
    0.225,
    0.335,
    0.335,
    0.265,
    0.29,
    0.245,
    0.305,
    0.27,
    0.31,
    0.29,
    0.27,
    0.235,
    0.255,
    0.275,
    0.28,
    0.31,
    0.305,
    0.305,
    0.31,
    0.28,
    0.26,
    0.29,
    0.305,
    0.29,
    0.255,
    0.25,
    0.32,
    0.3,
    0.29,
    0.355,
    0.25,
    0.325,
    0.38,
    0.315,
    0.4,
    0.33,
    0.275,
    0.285,
    0.3,
    0.22,
    0.34,
    0.27,
    0.31,
    0.25,
    0.25,
    0.275,
    0.27,
    0.265,
    0.31,
    0.25,
    0.315,
    0.265,
    0.295,
    0.29,
    0.285,
    0.265,
    0.245,
    0.31,
    0.365,
    0.255,
    0.255,
    0.27,
    0.325,
    0.32,
    0.355,
    0.305,
    0.275,
    0.26,
    0.315,
    0.29,
    0.23,
    0.295,
    0.3,
    0.285,
    0.255,
    0.25,
    0.29,
    0.27,
    0.245,
    0.3,
    0.26,
    0.38,
    0.25,
    0.275,
    0.29,
    0.305,
    0.355,
    0.33,
    0.345,
    0.325,
    0.28,
    0.28,
    0.285,
    0.34,
    0.315,
    0.29,
    0.32,
    0.285,
    0.31,
    0.315,
    0.37,
    0.315,
    0.23,
    0.24,
    0.3,
    0.295,
    0.32,
    0.31,
    0.295,
    0.235,
    0.26,
    0.31,
    0.325,
    0.295,
    0.34,
    0.295,
    0.27,
    0.295,
    0.275,
    0.29,
    0.29,
    0.325,
    0.275,
    0.235,
    0.3,
    0.295,
    0.32,
    0.315,
    0.255,
    0.275,
    0.305,
    0.3,
    0.31,
    0.285,
    0.38,
    0.285,
    0.295,
    0.325,
    0.275,
    0.295,
    0.29,
    0.325,
    0.3,
    0.25,
    0.265,
    0.31,
    0.335,
    0.28,
    0.315,
    0.3,
    0.285,
    0.345,
    0.325,
    0.275,
    0.245,
    0.295,
    0.38,
    0.31,
    0.3,
    0.295,
    0.325,
    0.32,
    0.285,
    0.35,
    0.365,
    0.235,
    0.245,
    0.2,
    0.285,
    0.34,
    0.325,
    0.32,
    0.27,
    0.325,
    0.32,
    0.275,
    0.315,
    0.285,
    0.305,
    0.28,
    0.27,
    0.29,
    0.395,
    0.305,
    0.28,
    0.35,
    0.31,
    0.3,
    0.35,
    0.305,
    0.32,
    0.36,
    0.28,
    0.315,
    0.265,
    0.34,
    0.315,
    0.33,
    0.31,
    0.3,
    0.275,
    0.3,
    0.25,
    0.305,
    0.275,
    0.375,
    0.27,
    0.29,
    0.345,
    0.345,
    0.3,
    0.295,
    0.335,
    0.33,
    0.325,
    0.29,
    0.345,
    0.32,
    0.32,
    0.26,
    0.26,
    0.315,
    0.285,
    0.3,
    0.245,
    0.265,
    0.28
  ],
  "generations": 300,
  "opponent": "alphabeta",
  "opponent_depth": 2,
  "games_per_eval": 200,
  "tier_best": {
    "sky": [
      0.6477388105633102,
      6.222565242344772,
      0.9688253534890227
    ],
    "ground": [
      63.70427290362426,
      64.70302960810713,
      75.51015428832683,
      20.419872665144652,
      9.64901937744544,
      90.99815070057141,
      94.02597481563987,
      15.480425316069873
    ],
    "underworld": [
      1349.850499409149,
      649.8317884411518,
      -1019.8675653616021
    ]
  }
}