{
  "run_id": 0,
  "completed_at_utc": "2026-03-16T00:51:31Z",
  "best_win_rate": 0.27,
  "best_weights": [
    1.440503702343098,
    2.0332052531093945,
    1.4692413643699722,
    35.26951033339577,
    32.54015245775574,
    2.058189938584627,
    21.0140519420475,
    65.28953054835955,
    -65.36649958667897,
    56.186251990652615,
    -13.711997401529835,
    6.328733629038453,
    -1.9065709965819986,
    1.978710206572127
  ],
  "fitness_log": [
    0.25,
    0.29,
    0.235,
    0.205,
    0.275,
    0.25,
    0.27,
    0.285,
    0.305,
    0.265,
    0.24,
    0.22,
    0.235,
    0.23,
    0.21,
    0.25,
    0.24,
    0.22,
    0.27,
    0.205,
    0.31,
    0.245,
    0.26,
    0.21,
    0.25,
    0.2,
    0.26,
    0.29,
    0.205,
    0.265,
    0.23,
    0.335,
    0.29,
    0.3,
    0.34,
    0.24,
    0.355,
    0.29,
    0.28,
    0.285,
    0.255,
    0.325,
    0.215,
    0.305,
    0.255,
    0.24,
    0.2,
    0.265,
    0.26,
    0.275,
    0.26,
    0.31,
    0.3,
    0.265,
    0.265,
    0.265,
    0.3,
    0.26,
    0.285,
    0.335,
    0.285,
    0.27,
    0.25,
    0.275,
    0.255,
    0.305,
    0.29,
    0.355,
    0.235,
    0.305,
    0.28,
    0.24,
    0.265,
    0.315,
    0.235,
    0.275,
    0.255,
    0.24,
    0.355,
    0.26,
    0.305,
    0.33,
    0.355,
    0.32,
    0.265,
    0.265,
    0.27,
    0.31,
    0.305,
    0.28,
    0.27,
    0.36,
    0.295,
    0.31,
    0.28,
    0.27,
    0.29,
    0.315,
    0.245,
    0.235,
    0.285,
    0.285,
    0.305,
    0.23,
    0.285,
    0.255,
    0.285,
    0.26,
    0.205,
    0.24,
    0.24,
    0.335,
    0.265,
    0.33,
    0.26,
    0.285,
    0.29,
    0.31,
    0.26,
    0.26,
    0.305,
    0.26,
    0.25,
    0.3,
    0.29,
    0.28,
    0.3,
    0.255,
    0.29,
    0.24,
    0.31,
    0.3,
    0.385,
    0.22,
    0.275,
    0.305,
    0.26,
    0.255,
    0.235,
    0.295,
    0.305,
    0.305,
    0.27,
    0.29,
    0.31,
    0.33,
    0.25,
    0.205,
    0.285,
    0.27,
    0.29,
    0.29,
    0.31,
    0.31,
    0.28,
    0.29,
    0.31,
    0.3,
    0.27,
    0.275,
    0.29,
    0.27,
    0.315,
    0.245,
    0.345,
    0.345,
    0.265,
    0.265,
    0.235,
    0.28,
    0.275,
    0.29,
    0.26,
    0.235,
    0.31,
    0.275,
    0.285,
    0.325,
    0.33,
    0.26,
    0.325,
    0.305,
    0.27,
    0.315,
    0.315,
    0.32,
    0.32,
    0.32,
    0.285,
    0.335,
    0.275,
    0.32,
    0.29,
    0.335,
    0.3,
    0.325,
    0.255,
    0.225,
    0.37,
    0.305,
    0.26,
    0.265,
    0.345,
    0.325,
    0.265,
    0.28,
    0.33,
    0.3,
    0.185,
    0.275,
    0.205,
    0.245,
    0.32,
    0.3,
    0.27,
    0.235,
    0.31,
    0.37,
    0.28,
    0.27,
    0.3,
    0.345,
    0.24,
    0.285,
    0.275,
    0.335,
    0.27,
    0.27,
    0.31,
    0.28,
    0.32,
    0.25,
    0.275,
    0.285,
    0.335,
    0.31,
    0.305,
    0.26,
    0.265,
    0.32,
    0.3,
    0.275,
    0.31,
    0.23,
    0.29,
    0.295,
    0.265,
    0.325,
    0.255,
    0.255,
    0.225,
    0.22,
    0.27,
    0.3,
    0.23,
    0.285,
    0.295,
    0.235,
    0.28,
    0.29,
    0.275,
    0.28,
    0.27,
    0.27,
    0.32,
    0.285,
    0.265,
    0.26,
    0.265,
    0.225,
    0.24,
    0.255,
    0.29,
    0.29,
    0.255,
    0.305,
    0.32,
    0.29,
    0.18,
    0.295,
    0.2,
    0.29,
    0.26,
    0.29,
    0.29,
    0.295,
    0.305,
    0.28,
    0.305,
    0.285,
    0.295,
    0.335,
    0.28,
    0.28,
    0.305,
    0.28,
    0.27,
    0.305,
    0.31,
    0.265
  ],
  "generations": 300,
  "opponent": "alphabeta",
  "opponent_depth": 2,
  "games_per_eval": 200,
  "tier_best": {
    "sky": [
      1.4463993029698576,
      1.8782893399847653,
      1.6004004986702354
    ],
    "ground": [
      31.562833886216367,
      34.846401589866645,
      3.353498867170919,
      18.026058048847222,
      61.75375909642014,
      -61.042601073120665,
      47.28674720736753,
      -19.463499274648626
    ],
    "underworld": [
      6.171800397012737,
      -2.209317340548654,
      2.003041921236626
    ]
  }
}