{
  "run_id": 7,
  "completed_at_utc": "2026-03-16T00:42:52Z",
  "best_win_rate": 0.34,
  "best_weights": [
    2.788043326987594,
    1.7573852368371077,
    -1.332479237913411,
    28.535104799758905,
    8.417364349898811,
    9.24308447274414,
    21.04313326017186,
    19.965421386584005,
    31.128652394557875,
    28.461611376804328,
    5.262420535163791,
    5.801147964515554,
    12.093909433357899,
    -8.135532997403836
  ],
  "fitness_log": [
    0.235,
    0.2,
    0.26,
    0.23,
    0.28,
    0.24,
    0.22,
    0.25,
    0.315,
    0.295,
    0.29,
    0.315,
    0.25,
    0.21,
    0.305,
    0.275,
    0.285,
    0.305,
    0.285,
    0.285,
    0.27,
    0.28,
    0.245,
    0.24,
    0.295,
    0.305,
    0.295,
    0.34,
    0.295,
    0.305,
    0.27,
    0.255,
    0.245,
    0.285,
    0.31,
    0.255,
    0.31,
    0.32,
    0.31,
    0.23,
    0.27,
    0.31,
    0.255,
    0.3,
    0.245,
    0.26,
    0.265,
    0.29,
    0.255,
    0.295,
    0.19,
    0.25,
    0.325,
    0.3,
    0.29,
    0.3,
    0.285,
    0.315,
    0.265,
    0.23,
    0.26,
    0.215,
    0.2,
    0.31,
    0.25,
    0.305,
    0.295,
    0.265,
    0.26,
    0.31,
    0.255,
    0.29,
    0.24,
    0.26,
    0.265,
    0.345,
    0.26,
    0.265,
    0.24,
    0.265,
    0.3,
    0.225,
    0.265,
    0.295,
    0.35,
    0.26,
    0.25,
    0.27,
    0.285,
    0.31,
    0.27,
    0.295,
    0.28,
    0.28,
    0.285,
    0.31,
    0.31,
    0.32,
    0.215,
    0.325,
    0.325,
    0.25,
    0.245,
    0.275,
    0.235,
    0.285,
    0.3,
    0.31,
    0.315,
    0.305,
    0.295,
    0.31,
    0.285,
    0.265,
    0.285,
    0.25,
    0.3,
    0.375,
    0.28,
    0.24,
    0.345,
    0.245,
    0.3,
    0.205,
    0.325,
    0.29,
    0.25,
    0.295,
    0.285,
    0.3,
    0.295,
    0.265,
    0.225,
    0.26,
    0.3,
    0.275,
    0.265,
    0.28,
    0.315,
    0.285,
    0.235,
    0.355,
    0.215,
    0.34,
    0.295,
    0.265,
    0.255,
    0.285,
    0.27,
    0.315,
    0.315,
    0.325,
    0.355,
    0.305,
    0.3,
    0.32,
    0.265,
    0.26,
    0.305,
    0.29,
    0.21,
    0.31,
    0.305,
    0.25,
    0.32,
    0.275,
    0.31,
    0.315,
    0.29,
    0.265,
    0.27,
    0.275,
    0.315,
    0.3,
    0.245,
    0.275,
    0.33,
    0.29,
    0.28,
    0.285,
    0.27,
    0.265,
    0.35,
    0.295,
    0.245,
    0.245,
    0.245,
    0.31,
    0.305,
    0.275,
    0.255,
    0.215,
    0.285,
    0.29,
    0.335,
    0.285,
    0.285,
    0.315,
    0.27,
    0.31,
    0.295,
    0.27,
    0.265,
    0.325,
    0.335,
    0.295,
    0.265,
    0.315,
    0.255,
    0.265,
    0.28,
    0.275,
    0.285,
    0.31,
    0.32,
    0.325,
    0.285,
    0.305,
    0.27,
    0.23,
    0.32,
    0.275,
    0.325,
    0.31,
    0.295,
    0.295,
    0.345,
    0.32,
    0.29,
    0.245,
    0.315,
    0.365,
    0.31,
    0.315,
    0.28,
    0.34,
    0.33,
    0.285,
    0.24,
    0.245,
    0.35,
    0.32,
    0.31,
    0.305,
    0.265,
    0.24,
    0.255,
    0.29,
    0.265,
    0.28,
    0.28,
    0.31,
    0.3,
    0.245,
    0.33,
    0.3,
    0.26,
    0.25,
    0.3,
    0.235,
    0.305,
    0.285,
    0.31,
    0.305,
    0.28,
    0.325,
    0.28,
    0.3,
    0.345,
    0.33,
    0.29,
    0.27,
    0.275,
    0.245,
    0.385,
    0.275,
    0.265,
    0.315,
    0.3,
    0.295,
    0.35,
    0.29,
    0.33,
    0.255,
    0.295,
    0.31,
    0.235,
    0.31,
    0.205,
    0.35,
    0.365,
    0.27,
    0.355,
    0.325,
    0.315,
    0.28,
    0.3,
    0.255,
    0.315,
    0.265
  ],
  "generations": 300,
  "opponent": "alphabeta",
  "opponent_depth": 2,
  "games_per_eval": 200,
  "tier_best": {
    "sky": [
      3.2530372593889942,
      1.650204260519937,
      -1.4919057454047708
    ],
    "ground": [
      30.836869159312307,
      7.449042254429209,
      13.8938272890506,
      44.11650012188214,
      38.937683140345634,
      28.982100565624663,
      49.61825323980402,
      9.204367821685198
    ],
    "underworld": [
      6.173211159662794,
      9.834469305693244,
      -4.191387415030846
    ]
  }
}