{
  "run_id": 5,
  "best_win_rate": 0.6,
  "best_weights": [
    0.3967926561598033,
    1.121087639696685,
    1.4299682011329167,
    -2.505948727396696,
    0.1407202630892965,
    4.673256235407089,
    3.473586672176695,
    0.8848999301303972,
    7.720624055395975,
    5.491407575422455,
    6.101074131563111,
    2.0630748573631217,
    4.736056271730324,
    3.995874119394716
  ],
  "fitness_log": [
    0.2,
    0.7,
    0.7,
    0.7,
    0.5,
    0.6,
    0.4,
    0.3,
    0.3,
    0.6,
    0.4,
    0.6,
    0.7,
    0.9,
    0.6,
    0.6,
    0.5,
    0.6,
    0.9,
    0.8,
    0.5,
    0.4,
    0.6,
    0.7,
    0.4,
    0.2,
    0.7,
    0.8,
    0.5,
    0.7,
    0.8,
    0.5,
    0.5,
    0.4,
    0.7,
    0.7,
    0.8,
    0.7,
    0.5,
    0.8,
    0.7,
    0.8,
    0.5,
    0.6,
    0.3,
    0.6,
    0.8,
    0.6,
    0.3,
    0.5,
    0.4,
    0.6,
    0.7,
    0.6,
    0.8,
    0.5,
    0.6,
    0.5,
    0.9,
    0.7,
    0.7,
    0.6,
    0.8,
    0.6,
    0.6,
    0.6,
    0.6,
    0.4,
    0.6,
    0.5,
    0.5,
    0.8,
    0.5,
    0.9,
    0.3,
    0.8,
    0.8,
    0.5,
    0.8,
    0.5,
    0.9,
    0.3,
    0.7,
    0.7,
    0.8,
    0.5,
    0.8,
    0.6,
    0.7,
    0.7
  ],
  "generations": 90,
  "opponent": "greedyvalue",
  "games_per_eval": 10,
  "tier_best": {
    "sky": [
      1.8259462883091997,
      2.1304298376659827,
      2.643801880492582
    ],
    "ground": [
      1.2302839896225957,
      -0.18823246742530808,
      0.3511367417933471,
      8.06719242495859,
      -2.526823637560546,
      -1.070492636124688,
      5.123086384792871,
      1.617102425195647
    ],
    "underworld": [
      2.207453765068401,
      4.216088411286667,
      4.041539939081401
    ]
  }
}