{
  "run_id": 8,
  "completed_at_utc": "2026-03-14T09:33:07Z",
  "best_win_rate": 0.23,
  "best_weights": [
    3.8801976123223354,
    54.4319748377415,
    -0.2623542132485417,
    -18.630619838286236,
    14.088031175536958,
    -26.299364016288663,
    50.03949461100289,
    33.28848960013638,
    25.331164081819637,
    42.15022705648007,
    -21.319653445444004,
    34.6926648039474,
    6.689547495854775,
    25.80533572338085
  ],
  "fitness_log": [
    0.27,
    0.225,
    0.22,
    0.255,
    0.235,
    0.24,
    0.26,
    0.24,
    0.25,
    0.275,
    0.24,
    0.26,
    0.275,
    0.245,
    0.285,
    0.26,
    0.275,
    0.275,
    0.3,
    0.255,
    0.265,
    0.3,
    0.275,
    0.24,
    0.28,
    0.28,
    0.265,
    0.245,
    0.28,
    0.255,
    0.315,
    0.29,
    0.28,
    0.26,
    0.31,
    0.27,
    0.27,
    0.26,
    0.265,
    0.27,
    0.26,
    0.265,
    0.265,
    0.275,
    0.27,
    0.26,
    0.25,
    0.275,
    0.32,
    0.32,
    0.275,
    0.245,
    0.27,
    0.29,
    0.295,
    0.28,
    0.27,
    0.26,
    0.285,
    0.255,
    0.265,
    0.3,
    0.295,
    0.295,
    0.25,
    0.28,
    0.29,
    0.285,
    0.26,
    0.26,
    0.29,
    0.3,
    0.255,
    0.295,
    0.285,
    0.295,
    0.265,
    0.27,
    0.265,
    0.285,
    0.28,
    0.28,
    0.275,
    0.33,
    0.28,
    0.28,
    0.31,
    0.32,
    0.29,
    0.28,
    0.25,
    0.325,
    0.27,
    0.295,
    0.32,
    0.305,
    0.295,
    0.28,
    0.305,
    0.31,
    0.3,
    0.325,
    0.335,
    0.315,
    0.315,
    0.285,
    0.3,
    0.34,
    0.285,
    0.305,
    0.29,
    0.29,
    0.295,
    0.31,
    0.295,
    0.325,
    0.295,
    0.285,
    0.295,
    0.295,
    0.27,
    0.31,
    0.295,
    0.25,
    0.275,
    0.275,
    0.295,
    0.31,
    0.295,
    0.285,
    0.315,
    0.28,
    0.32,
    0.31,
    0.32,
    0.305,
    0.315,
    0.285,
    0.295,
    0.325,
    0.28,
    0.27,
    0.335,
    0.285,
    0.27,
    0.32,
    0.335,
    0.29,
    0.28,
    0.275,
    0.29,
    0.275,
    0.31,
    0.29,
    0.285,
    0.295,
    0.295,
    0.275,
    0.305,
    0.31,
    0.265,
    0.27,
    0.255,
    0.255,
    0.27,
    0.26,
    0.265,
    0.26,
    0.275,
    0.32,
    0.275,
    0.29,
    0.255,
    0.305,
    0.265,
    0.28,
    0.27,
    0.29,
    0.255,
    0.29,
    0.28,
    0.28,
    0.29,
    0.3,
    0.29,
    0.335,
    0.305,
    0.305,
    0.3,
    0.285,
    0.305,
    0.275,
    0.285,
    0.295,
    0.27,
    0.31,
    0.265,
    0.31,
    0.295,
    0.3,
    0.31,
    0.285,
    0.285,
    0.275,
    0.3,
    0.305,
    0.3,
    0.305,
    0.315,
    0.295,
    0.28,
    0.31,
    0.275,
    0.275,
    0.26,
    0.29,
    0.285,
    0.28,
    0.295,
    0.325,
    0.285,
    0.29,
    0.325,
    0.295,
    0.295,
    0.28,
    0.345,
    0.36,
    0.295,
    0.305,
    0.285,
    0.28,
    0.32,
    0.31,
    0.32,
    0.34,
    0.275,
    0.275,
    0.28,
    0.26,
    0.295,
    0.295,
    0.32,
    0.28,
    0.285,
    0.285,
    0.325,
    0.29,
    0.315,
    0.3,
    0.28,
    0.34,
    0.31,
    0.3,
    0.31,
    0.315,
    0.315,
    0.315,
    0.34,
    0.28,
    0.375,
    0.28,
    0.335,
    0.32,
    0.295,
    0.305,
    0.305,
    0.315,
    0.295,
    0.305,
    0.295,
    0.28,
    0.3,
    0.28,
    0.315,
    0.285,
    0.29,
    0.325,
    0.315,
    0.31,
    0.295,
    0.305,
    0.3,
    0.29,
    0.26,
    0.305,
    0.28,
    0.295,
    0.285,
    0.305,
    0.32,
    0.31,
    0.31,
    0.31,
    0.295,
    0.295,
    0.325,
    0.33,
    0.295,
    0.315
  ],
  "generations": 300,
  "opponent": "alphabeta",
  "opponent_depth": 2,
  "games_per_eval": 200
}