{
  "run_id": 26,
  "completed_at_utc": "2026-03-14T10:05:14Z",
  "best_win_rate": 0.335,
  "best_weights": [
    8.20310638936698,
    17.481292716264427,
    15.039976741482409,
    15.776446134897268,
    13.692755996285754,
    14.195834556809432,
    14.094030971137679,
    18.097660316220416,
    14.774038206968706,
    9.281856751164167,
    12.25952896306642,
    -8.571238618150891,
    -14.85984755163451,
    0.0001573913533797211
  ],
  "fitness_log": [
    0.27,
    0.26,
    0.245,
    0.24,
    0.265,
    0.29,
    0.305,
    0.26,
    0.295,
    0.33,
    0.295,
    0.31,
    0.355,
    0.315,
    0.325,
    0.29,
    0.34,
    0.325,
    0.34,
    0.32,
    0.31,
    0.38,
    0.34,
    0.34,
    0.335,
    0.35,
    0.33,
    0.345,
    0.355,
    0.37,
    0.365,
    0.345,
    0.325,
    0.34,
    0.355,
    0.32,
    0.345,
    0.36,
    0.37,
    0.38,
    0.325,
    0.355,
    0.37,
    0.345,
    0.33,
    0.36,
    0.335,
    0.315,
    0.365,
    0.335,
    0.345,
    0.395,
    0.385,
    0.375,
    0.355,
    0.345,
    0.345,
    0.325,
    0.325,
    0.375,
    0.33,
    0.335,
    0.345,
    0.325,
    0.34,
    0.325,
    0.36,
    0.37,
    0.365,
    0.35,
    0.345,
    0.35,
    0.375,
    0.32,
    0.37,
    0.365,
    0.39,
    0.35,
    0.365,
    0.355,
    0.345,
    0.36,
    0.35,
    0.35,
    0.315,
    0.36,
    0.38,
    0.33,
    0.34,
    0.345,
    0.345,
    0.345,
    0.355,
    0.35,
    0.35,
    0.37,
    0.335,
    0.35,
    0.38,
    0.4,
    0.355,
    0.33,
    0.345,
    0.38,
    0.365,
    0.34,
    0.33,
    0.325,
    0.35,
    0.37,
    0.355,
    0.355,
    0.345,
    0.325,
    0.345,
    0.33,
    0.36,
    0.35,
    0.365,
    0.39,
    0.35,
    0.345,
    0.365,
    0.33,
    0.345,
    0.31,
    0.325,
    0.325,
    0.33,
    0.345,
    0.37,
    0.38,
    0.35,
    0.345,
    0.32,
    0.31,
    0.33,
    0.345,
    0.335,
    0.355,
    0.37,
    0.355,
    0.375,
    0.375,
    0.385,
    0.355,
    0.355,
    0.395,
    0.35,
    0.36,
    0.37,
    0.325,
    0.36,
    0.335,
    0.34,
    0.35,
    0.36,
    0.325,
    0.365,
    0.37,
    0.33,
    0.34,
    0.36,
    0.345,
    0.335,
    0.34,
    0.36,
    0.34,
    0.34,
    0.33,
    0.33,
    0.375,
    0.35,
    0.3,
    0.325,
    0.395,
    0.345,
    0.365,
    0.36,
    0.32,
    0.345,
    0.355,
    0.385,
    0.32,
    0.36,
    0.385,
    0.375,
    0.38,
    0.345,
    0.375,
    0.335,
    0.365,
    0.33,
    0.405,
    0.355,
    0.33,
    0.33,
    0.345,
    0.37,
    0.365,
    0.37,
    0.36,
    0.4,
    0.375,
    0.335,
    0.35,
    0.345,
    0.34,
    0.36,
    0.36,
    0.365,
    0.345,
    0.35,
    0.335,
    0.34,
    0.38,
    0.36,
    0.33,
    0.375,
    0.38,
    0.355,
    0.365,
    0.315,
    0.33,
    0.345,
    0.335,
    0.355,
    0.38,
    0.365,
    0.355,
    0.355,
    0.395,
    0.37,
    0.38,
    0.34,
    0.315,
    0.38,
    0.39,
    0.36,
    0.355,
    0.395,
    0.355,
    0.375,
    0.355,
    0.36,
    0.345,
    0.33,
    0.34,
    0.335,
    0.31,
    0.365,
    0.35,
    0.385,
    0.38,
    0.37,
    0.33,
    0.33,
    0.34,
    0.36,
    0.36,
    0.325,
    0.335,
    0.365,
    0.315,
    0.355,
    0.365,
    0.33,
    0.33,
    0.36,
    0.335,
    0.39,
    0.38,
    0.335,
    0.345,
    0.35,
    0.345,
    0.385,
    0.335,
    0.365,
    0.37,
    0.35,
    0.3,
    0.335,
    0.37,
    0.35,
    0.335,
    0.325,
    0.355,
    0.38,
    0.355,
    0.325,
    0.315,
    0.365,
    0.355,
    0.33,
    0.33,
    0.35,
    0.355,
    0.34,
    0.33
  ],
  "generations": 300,
  "opponent": "alphabeta",
  "opponent_depth": 2,
  "games_per_eval": 200
}