{
  "run_id": 11,
  "best_win_rate": 0.5,
  "best_weights": [
    -0.8735387788456477,
    1.7543750533989404,
    0.4614394658018217,
    3.1170011859344275,
    -1.0660376084616159,
    1.1724182505811769,
    0.7792032854610575,
    -1.2938167864699004,
    1.730676166172629,
    1.8952329821308156,
    0.7754892854198474,
    -3.008070566529806,
    2.2724973994327597,
    1.5277400196212334
  ],
  "fitness_log": [
    0.6,
    0.7,
    0.8,
    0.8,
    0.7,
    0.7,
    0.5,
    0.8,
    0.8,
    0.8,
    0.8,
    0.6,
    0.8,
    0.6,
    0.8,
    0.7,
    0.9,
    1.0,
    1.0,
    0.9,
    0.8,
    0.8,
    0.9,
    0.7,
    0.8,
    0.7,
    0.8,
    0.7,
    0.7,
    0.8,
    0.7,
    0.9,
    1.0,
    0.9,
    0.8,
    0.8,
    0.8,
    0.8,
    0.9,
    0.8,
    0.8,
    0.8,
    0.8,
    0.9,
    0.9,
    0.8,
    0.8,
    0.9,
    1.0,
    0.8,
    0.8,
    0.9,
    0.8,
    0.8,
    0.9,
    0.8,
    0.9,
    0.8,
    0.7,
    0.9,
    0.8,
    1.0,
    1.0,
    1.0,
    1.0,
    0.9,
    0.8,
    0.9,
    0.7,
    0.9,
    0.8,
    0.9,
    0.7,
    0.9,
    0.8,
    1.0,
    0.9,
    0.9,
    0.9,
    0.9,
    0.9,
    0.9,
    0.8,
    0.9,
    0.8,
    0.8,
    1.0,
    1.0,
    0.8,
    0.9
  ],
  "generations": 90,
  "opponent": "greedyvalue",
  "games_per_eval": 10
}