{
  "run_id": 8,
  "best_win_rate": 0.6,
  "best_weights": [
    -1.6469989714328825,
    4.214046067487227,
    1.2467409373440936,
    4.630218856869148,
    2.121864831398203,
    2.17207121382479,
    0.5250454168833502,
    4.502454494547438,
    0.7556115120894001,
    -0.3294209754636923,
    1.2990958698319228,
    2.7837235595446503,
    0.32496382415949765,
    0.5699501970469537
  ],
  "fitness_log": [
    0.8,
    0.7,
    0.6,
    0.5,
    0.7,
    0.7,
    0.6,
    0.8,
    0.6,
    0.8,
    0.7,
    0.8,
    0.8,
    0.9,
    0.7,
    0.7,
    0.8,
    0.8,
    0.7,
    0.8,
    0.9,
    0.8,
    0.8,
    0.8,
    0.9,
    0.8,
    0.8,
    0.9,
    0.7,
    0.8,
    0.7,
    0.9,
    0.9,
    0.8,
    0.8,
    0.9,
    0.8,
    0.9,
    0.7,
    1.0,
    0.8,
    0.8,
    0.9,
    0.9,
    0.8,
    1.0,
    0.9,
    0.9,
    0.9,
    1.0,
    0.9,
    1.0,
    0.9,
    0.9,
    0.8,
    0.9,
    0.8,
    0.7,
    0.9,
    0.8,
    0.9,
    0.8,
    0.9,
    0.9,
    0.9,
    0.7,
    0.9,
    1.0,
    0.9,
    0.9,
    0.9,
    1.0,
    0.9,
    0.9,
    0.8,
    0.8,
    0.9,
    0.9,
    0.9,
    0.9,
    0.8,
    1.0,
    0.9,
    1.0,
    0.9,
    0.8,
    0.9,
    0.9,
    0.9,
    0.9
  ],
  "generations": 90,
  "opponent": "greedyvalue",
  "games_per_eval": 10
}