{
  "run_id": 24,
  "completed_at_utc": "2026-03-14T08:24:51Z",
  "best_win_rate": 0.35,
  "best_weights": [
    5.434661274139602,
    13.836066850189534,
    9.656119788551846,
    5.9708640268115305,
    1.6529622264617714,
    21.337520480337055,
    3.5617205941519163,
    11.05102328887848,
    1.8163427143218003,
    5.547522363134343,
    1.6393586759079324,
    -0.33297542643826517,
    5.686768499862008,
    0.7229382078363998
  ],
  "fitness_log": [
    0.25,
    0.215,
    0.23,
    0.225,
    0.26,
    0.27,
    0.325,
    0.305,
    0.29,
    0.34,
    0.3,
    0.345,
    0.31,
    0.32,
    0.355,
    0.29,
    0.34,
    0.365,
    0.35,
    0.34,
    0.32,
    0.345,
    0.34,
    0.335,
    0.33,
    0.345,
    0.315,
    0.315,
    0.395,
    0.325,
    0.31,
    0.34,
    0.31,
    0.28,
    0.285,
    0.305,
    0.295,
    0.315,
    0.31,
    0.28,
    0.35,
    0.335,
    0.325,
    0.31,
    0.305,
    0.305,
    0.33,
    0.285,
    0.335,
    0.33,
    0.34,
    0.325,
    0.31,
    0.29,
    0.36,
    0.34,
    0.335,
    0.315,
    0.325,
    0.31,
    0.325,
    0.325,
    0.35,
    0.345,
    0.335,
    0.335,
    0.325,
    0.345,
    0.355,
    0.325,
    0.34,
    0.325,
    0.35,
    0.315,
    0.375,
    0.38,
    0.34,
    0.395,
    0.34,
    0.4,
    0.35,
    0.365,
    0.325,
    0.31,
    0.335,
    0.35,
    0.335,
    0.33,
    0.34,
    0.345,
    0.31,
    0.32,
    0.31,
    0.3,
    0.325,
    0.315,
    0.295,
    0.32,
    0.295,
    0.335,
    0.335,
    0.305,
    0.335,
    0.31,
    0.335,
    0.32,
    0.365,
    0.355,
    0.335,
    0.345,
    0.33,
    0.335,
    0.38,
    0.37,
    0.335,
    0.365,
    0.33,
    0.33,
    0.33,
    0.35,
    0.32,
    0.345,
    0.35,
    0.345,
    0.31,
    0.32,
    0.3,
    0.34,
    0.36,
    0.315,
    0.33,
    0.36,
    0.335,
    0.365,
    0.31,
    0.335,
    0.365,
    0.41,
    0.33,
    0.35,
    0.355,
    0.405,
    0.365,
    0.345,
    0.34,
    0.325,
    0.33,
    0.325,
    0.32,
    0.345,
    0.345,
    0.33,
    0.33,
    0.345,
    0.345,
    0.355,
    0.395,
    0.385,
    0.37,
    0.385,
    0.355,
    0.375,
    0.335,
    0.335,
    0.36,
    0.37,
    0.375,
    0.37,
    0.33,
    0.37,
    0.335,
    0.365,
    0.32,
    0.34,
    0.34,
    0.34,
    0.365,
    0.38,
    0.33,
    0.365,
    0.395,
    0.335,
    0.355,
    0.35,
    0.355,
    0.375,
    0.395,
    0.38,
    0.34,
    0.335,
    0.34,
    0.34,
    0.365,
    0.35,
    0.35,
    0.33,
    0.365,
    0.35,
    0.365,
    0.345,
    0.335,
    0.355,
    0.31,
    0.36,
    0.39,
    0.35,
    0.34,
    0.36,
    0.35,
    0.435,
    0.345,
    0.385,
    0.365,
    0.36,
    0.345,
    0.42,
    0.34,
    0.335,
    0.38,
    0.37,
    0.355,
    0.355,
    0.375,
    0.355,
    0.36,
    0.335,
    0.35,
    0.35,
    0.33,
    0.34,
    0.38,
    0.35,
    0.335,
    0.395,
    0.365,
    0.33,
    0.385,
    0.335,
    0.345,
    0.345,
    0.345,
    0.345,
    0.345,
    0.345,
    0.35,
    0.35,
    0.325,
    0.36,
    0.36,
    0.325,
    0.41,
    0.365,
    0.365,
    0.36,
    0.335,
    0.375,
    0.35,
    0.355,
    0.355,
    0.375,
    0.34,
    0.375,
    0.35,
    0.37,
    0.35,
    0.355,
    0.355,
    0.335,
    0.37,
    0.36,
    0.37,
    0.375,
    0.305,
    0.355,
    0.34,
    0.34,
    0.35,
    0.37,
    0.35,
    0.335,
    0.34,
    0.365,
    0.385,
    0.34,
    0.365,
    0.37,
    0.42,
    0.37,
    0.37,
    0.375,
    0.38,
    0.365,
    0.35,
    0.34,
    0.365,
    0.37,
    0.345,
    0.35,
    0.34,
    0.35
  ],
  "generations": 300,
  "opponent": "alphabeta",
  "opponent_depth": 2,
  "games_per_eval": 200
}