{
  "run_id": 17,
  "best_win_rate": 0.7,
  "best_weights": [
    -2.1172537462573318,
    2.6151489672683703,
    5.249435211394783,
    3.486541618551069,
    3.2878379139621066,
    1.6564235759550237,
    4.540754606029296,
    2.2544876490928383,
    -2.125109973164651,
    1.7086308491982258,
    2.971246625952336,
    -3.717110294042797,
    7.67140250752038,
    6.020958551362201
  ],
  "fitness_log": [
    0.7,
    0.7,
    0.8,
    0.7,
    0.6,
    0.8,
    0.7,
    0.6,
    0.7,
    0.6,
    0.7,
    0.9,
    0.7,
    0.8,
    0.8,
    0.9,
    0.7,
    0.7,
    0.7,
    0.9,
    0.8,
    0.7,
    0.8,
    0.9,
    0.7,
    0.8,
    0.8,
    0.9,
    0.9,
    1.0,
    0.8,
    0.9,
    0.9,
    0.8,
    1.0,
    0.9,
    0.9,
    0.9,
    0.9,
    0.7,
    0.9,
    0.8,
    0.8,
    0.9,
    0.8,
    1.0,
    0.9,
    0.9,
    0.8,
    0.9,
    1.0,
    1.0,
    0.9,
    0.9,
    0.9,
    0.9,
    0.8,
    0.9,
    0.8,
    0.9,
    1.0,
    0.9,
    0.9,
    0.9,
    0.8,
    1.0,
    0.9,
    1.0,
    1.0,
    1.0,
    0.9,
    1.0,
    0.9,
    1.0,
    1.0,
    0.8,
    1.0,
    0.8,
    0.9,
    0.9,
    0.9,
    0.9,
    0.9,
    0.9,
    0.9,
    0.8,
    0.9,
    0.8,
    0.8,
    0.8
  ],
  "generations": 90,
  "opponent": "greedyvalue",
  "games_per_eval": 10
}