{
  "run_id": 1,
  "completed_at_utc": "2026-03-14T08:40:53Z",
  "best_win_rate": 0.26,
  "best_weights": [
    4.579369542998961,
    27.906297706434053,
    12.948992218624126,
    8.58286129407771,
    17.55364018672205,
    15.75386096624937,
    18.214235506117312,
    3.550951233669137,
    15.686209932532282,
    10.521809718053404,
    4.227520631810394,
    -19.815382789752793,
    -5.709360957095358,
    -0.9408245474552648
  ],
  "fitness_log": [
    0.25,
    0.23,
    0.285,
    0.27,
    0.255,
    0.31,
    0.285,
    0.305,
    0.28,
    0.305,
    0.31,
    0.26,
    0.26,
    0.31,
    0.31,
    0.29,
    0.28,
    0.345,
    0.325,
    0.315,
    0.325,
    0.35,
    0.33,
    0.34,
    0.325,
    0.36,
    0.335,
    0.285,
    0.3,
    0.285,
    0.3,
    0.31,
    0.305,
    0.305,
    0.32,
    0.3,
    0.36,
    0.325,
    0.305,
    0.35,
    0.33,
    0.315,
    0.33,
    0.32,
    0.305,
    0.32,
    0.295,
    0.3,
    0.31,
    0.3,
    0.315,
    0.325,
    0.31,
    0.325,
    0.29,
    0.315,
    0.33,
    0.325,
    0.325,
    0.285,
    0.31,
    0.31,
    0.3,
    0.33,
    0.3,
    0.305,
    0.305,
    0.325,
    0.33,
    0.3,
    0.315,
    0.36,
    0.355,
    0.31,
    0.335,
    0.345,
    0.33,
    0.375,
    0.32,
    0.34,
    0.325,
    0.32,
    0.32,
    0.32,
    0.325,
    0.325,
    0.325,
    0.315,
    0.345,
    0.32,
    0.325,
    0.3,
    0.33,
    0.365,
    0.35,
    0.31,
    0.3,
    0.305,
    0.335,
    0.325,
    0.33,
    0.315,
    0.32,
    0.335,
    0.36,
    0.375,
    0.34,
    0.325,
    0.34,
    0.36,
    0.31,
    0.32,
    0.335,
    0.305,
    0.325,
    0.33,
    0.325,
    0.325,
    0.315,
    0.305,
    0.335,
    0.345,
    0.335,
    0.315,
    0.385,
    0.335,
    0.32,
    0.325,
    0.32,
    0.37,
    0.35,
    0.3,
    0.345,
    0.355,
    0.365,
    0.35,
    0.355,
    0.345,
    0.33,
    0.3,
    0.31,
    0.345,
    0.345,
    0.325,
    0.365,
    0.365,
    0.335,
    0.35,
    0.36,
    0.385,
    0.365,
    0.35,
    0.36,
    0.345,
    0.38,
    0.35,
    0.34,
    0.325,
    0.345,
    0.33,
    0.33,
    0.355,
    0.345,
    0.315,
    0.365,
    0.33,
    0.36,
    0.325,
    0.315,
    0.335,
    0.325,
    0.31,
    0.31,
    0.34,
    0.355,
    0.315,
    0.33,
    0.34,
    0.35,
    0.35,
    0.35,
    0.35,
    0.33,
    0.36,
    0.37,
    0.425,
    0.35,
    0.345,
    0.345,
    0.35,
    0.395,
    0.38,
    0.415,
    0.355,
    0.34,
    0.335,
    0.37,
    0.37,
    0.335,
    0.37,
    0.33,
    0.34,
    0.33,
    0.315,
    0.32,
    0.335,
    0.335,
    0.325,
    0.345,
    0.325,
    0.315,
    0.365,
    0.355,
    0.355,
    0.35,
    0.335,
    0.38,
    0.355,
    0.345,
    0.34,
    0.335,
    0.355,
    0.335,
    0.32,
    0.34,
    0.375,
    0.355,
    0.35,
    0.335,
    0.365,
    0.38,
    0.345,
    0.395,
    0.36,
    0.35,
    0.385,
    0.355,
    0.33,
    0.355,
    0.37,
    0.315,
    0.35,
    0.335,
    0.375,
    0.375,
    0.33,
    0.33,
    0.33,
    0.335,
    0.33,
    0.385,
    0.36,
    0.335,
    0.35,
    0.36,
    0.37,
    0.335,
    0.385,
    0.31,
    0.325,
    0.335,
    0.375,
    0.33,
    0.355,
    0.365,
    0.365,
    0.325,
    0.33,
    0.335,
    0.345,
    0.385,
    0.325,
    0.325,
    0.31,
    0.35,
    0.36,
    0.365,
    0.345,
    0.33,
    0.37,
    0.395,
    0.34,
    0.33,
    0.36,
    0.3,
    0.365,
    0.365,
    0.345,
    0.37,
    0.355,
    0.335,
    0.36,
    0.325,
    0.37,
    0.35,
    0.32,
    0.365,
    0.335,
    0.33,
    0.365
  ],
  "generations": 300,
  "opponent": "alphabeta",
  "opponent_depth": 2,
  "games_per_eval": 200
}