{
  "run_id": 5,
  "best_win_rate": 0.6,
  "best_weights": [
    -0.31352807538508864,
    0.6629082881269217,
    1.0895167142942852,
    2.9967650801793173,
    -2.365609207194762,
    0.5650776713410924,
    0.5018604971947223,
    -2.686011853534086,
    1.855100063736135,
    1.5489990996063654,
    0.28483190437607464,
    -3.467798694963064,
    0.027872366820630212,
    1.1993167155634423
  ],
  "fitness_log": [
    0.8,
    0.6,
    0.8,
    0.6,
    0.7,
    1.0,
    0.7,
    0.8,
    0.7,
    0.7,
    0.8,
    0.8,
    0.9,
    0.8,
    1.0,
    0.9,
    0.8,
    0.8,
    0.9,
    0.8,
    0.9,
    0.9,
    0.9,
    0.9,
    0.8,
    0.9,
    0.9,
    0.7,
    0.7,
    0.8,
    0.8,
    0.8,
    0.9,
    0.9,
    0.8,
    0.9,
    0.9,
    0.9,
    0.8,
    0.8,
    0.8,
    0.9,
    0.8,
    0.9,
    0.9,
    0.7,
    0.8,
    0.8,
    0.7,
    1.0,
    0.9,
    0.9,
    0.8,
    0.8,
    0.9,
    0.8,
    0.9,
    0.9,
    0.8,
    0.7,
    0.9,
    0.9,
    0.8,
    0.9,
    0.9,
    0.8,
    1.0,
    0.8,
    0.9,
    0.8,
    0.8,
    0.7,
    0.8,
    0.8,
    0.8,
    0.9,
    0.9,
    0.6,
    0.8,
    0.9,
    0.8,
    0.6,
    0.8,
    0.7,
    0.8,
    1.0,
    0.8,
    0.7,
    0.9,
    0.8
  ],
  "generations": 90,
  "opponent": "greedyvalue",
  "games_per_eval": 10
}