{
  "run_id": 6,
  "best_win_rate": 0.6,
  "best_weights": [
    6.411363249640188,
    2.2294705262468,
    3.1276599776901253,
    -2.36893256906584,
    3.827491987618384,
    4.661631789298315,
    6.03233951320783,
    4.991184972100621,
    7.773258515625271,
    0.39270365360716597,
    3.90203749580166,
    -6.220900877279406,
    5.2728104377194605,
    -0.929531020707882
  ],
  "fitness_log": [
    0.7,
    0.7,
    0.7,
    0.6,
    0.7,
    0.7,
    0.8,
    0.8,
    0.9,
    0.9,
    0.8,
    0.8,
    0.8,
    0.7,
    0.7,
    0.9,
    0.9,
    0.7,
    0.7,
    0.9,
    0.8,
    0.9,
    0.9,
    0.8,
    0.8,
    0.8,
    0.9,
    0.9,
    0.9,
    0.8,
    0.9,
    0.8,
    0.8,
    0.7,
    0.9,
    0.9,
    0.8,
    0.8,
    0.9,
    0.7,
    0.9,
    0.9,
    0.7,
    0.7,
    0.8,
    0.9,
    0.7,
    0.8,
    0.8,
    0.8,
    0.9,
    0.9,
    0.9,
    0.8,
    0.9,
    0.9,
    0.9,
    0.8,
    0.9,
    0.8,
    1.0,
    0.9,
    0.7,
    0.8,
    0.7,
    0.8,
    0.7,
    0.8,
    0.8,
    0.7,
    0.7,
    0.8,
    0.7,
    0.8,
    0.7,
    0.8,
    0.8,
    0.7,
    1.0,
    0.8,
    0.8,
    0.7,
    0.7,
    0.8,
    0.8,
    0.8,
    0.8,
    0.9,
    0.8,
    0.9
  ],
  "generations": 90,
  "opponent": "greedyvalue",
  "games_per_eval": 10
}