{
  "run_id": 18,
  "best_win_rate": 0.6,
  "best_weights": [
    -0.20309902915074812,
    2.250860508242619,
    0.6558183418059584,
    3.6091040457493127,
    2.512453072300707,
    3.05133070945453,
    3.0859037532970532,
    2.1777483470198735,
    2.9519740734385893,
    -0.5140467117875163,
    0.5652977331594483,
    1.9656405073651402,
    0.959636676779221,
    1.9532168233447686
  ],
  "fitness_log": [
    0.8,
    0.8,
    0.8,
    0.9,
    0.8,
    0.9,
    1.0,
    1.0,
    1.0,
    0.9,
    0.9,
    0.8,
    0.9,
    0.8,
    0.8,
    0.8,
    0.8,
    0.9,
    0.8,
    0.8,
    0.8,
    0.9,
    0.9,
    0.9,
    0.9,
    0.8,
    0.8,
    1.0,
    0.9,
    0.8,
    0.8,
    0.9,
    0.9,
    0.9,
    0.9,
    0.9,
    0.9,
    0.7,
    0.8,
    0.9,
    0.8,
    0.8,
    0.8,
    0.9,
    1.0,
    0.8,
    0.8,
    0.8,
    0.8,
    0.8,
    0.7,
    0.8,
    0.8,
    0.8,
    0.8,
    0.8,
    0.9,
    1.0,
    0.8,
    0.8,
    0.7,
    0.8,
    0.9,
    0.8,
    0.7,
    0.8,
    0.8,
    0.8,
    0.7,
    1.0,
    0.8,
    0.8,
    0.9,
    0.9,
    0.8,
    0.7,
    1.0,
    0.9,
    0.9,
    0.9,
    0.9,
    1.0,
    1.0,
    0.8,
    0.9,
    0.9,
    0.9,
    0.8,
    0.9,
    0.9
  ],
  "generations": 90,
  "opponent": "greedyvalue",
  "games_per_eval": 10
}