{
  "run_id": 29,
  "completed_at_utc": "2026-03-14T09:00:22Z",
  "best_win_rate": 0.315,
  "best_weights": [
    3.9845365211618495,
    17.53003310562685,
    1.7440992982308714,
    19.7097332218157,
    3.313108626922947,
    8.149306495569633,
    26.983762509493268,
    18.653551670500338,
    8.46068558320213,
    8.64461162368695,
    2.0546956329050197,
    -0.31130445435102183,
    7.799616366300019,
    -8.001832933088762
  ],
  "fitness_log": [
    0.275,
    0.305,
    0.3,
    0.28,
    0.28,
    0.325,
    0.305,
    0.33,
    0.275,
    0.295,
    0.325,
    0.345,
    0.315,
    0.315,
    0.325,
    0.31,
    0.32,
    0.32,
    0.325,
    0.325,
    0.33,
    0.315,
    0.31,
    0.37,
    0.37,
    0.32,
    0.36,
    0.335,
    0.37,
    0.36,
    0.32,
    0.35,
    0.335,
    0.35,
    0.35,
    0.335,
    0.36,
    0.325,
    0.33,
    0.33,
    0.315,
    0.345,
    0.375,
    0.32,
    0.365,
    0.32,
    0.31,
    0.33,
    0.335,
    0.33,
    0.305,
    0.305,
    0.35,
    0.335,
    0.345,
    0.345,
    0.3,
    0.31,
    0.315,
    0.295,
    0.3,
    0.34,
    0.32,
    0.345,
    0.31,
    0.345,
    0.355,
    0.305,
    0.35,
    0.295,
    0.34,
    0.34,
    0.325,
    0.33,
    0.315,
    0.315,
    0.36,
    0.35,
    0.33,
    0.305,
    0.315,
    0.33,
    0.31,
    0.33,
    0.33,
    0.345,
    0.33,
    0.33,
    0.35,
    0.35,
    0.35,
    0.39,
    0.36,
    0.36,
    0.32,
    0.365,
    0.355,
    0.335,
    0.385,
    0.345,
    0.355,
    0.305,
    0.335,
    0.34,
    0.325,
    0.36,
    0.325,
    0.35,
    0.345,
    0.36,
    0.355,
    0.33,
    0.385,
    0.345,
    0.34,
    0.355,
    0.34,
    0.305,
    0.335,
    0.345,
    0.345,
    0.34,
    0.345,
    0.345,
    0.365,
    0.375,
    0.355,
    0.395,
    0.365,
    0.335,
    0.33,
    0.365,
    0.38,
    0.335,
    0.38,
    0.365,
    0.36,
    0.325,
    0.325,
    0.34,
    0.365,
    0.34,
    0.35,
    0.345,
    0.33,
    0.36,
    0.36,
    0.325,
    0.34,
    0.35,
    0.395,
    0.315,
    0.335,
    0.34,
    0.365,
    0.395,
    0.35,
    0.33,
    0.395,
    0.34,
    0.355,
    0.33,
    0.42,
    0.35,
    0.36,
    0.365,
    0.365,
    0.395,
    0.37,
    0.355,
    0.365,
    0.325,
    0.345,
    0.385,
    0.37,
    0.34,
    0.35,
    0.385,
    0.355,
    0.345,
    0.39,
    0.335,
    0.35,
    0.325,
    0.385,
    0.365,
    0.36,
    0.355,
    0.335,
    0.345,
    0.37,
    0.365,
    0.395,
    0.335,
    0.375,
    0.35,
    0.355,
    0.38,
    0.355,
    0.375,
    0.355,
    0.37,
    0.375,
    0.355,
    0.39,
    0.335,
    0.39,
    0.385,
    0.355,
    0.37,
    0.36,
    0.33,
    0.385,
    0.345,
    0.345,
    0.345,
    0.395,
    0.345,
    0.365,
    0.34,
    0.35,
    0.345,
    0.355,
    0.395,
    0.375,
    0.34,
    0.375,
    0.34,
    0.36,
    0.355,
    0.365,
    0.38,
    0.36,
    0.34,
    0.35,
    0.365,
    0.355,
    0.405,
    0.34,
    0.35,
    0.38,
    0.385,
    0.355,
    0.385,
    0.355,
    0.345,
    0.385,
    0.36,
    0.35,
    0.39,
    0.335,
    0.355,
    0.395,
    0.335,
    0.38,
    0.365,
    0.38,
    0.33,
    0.355,
    0.35,
    0.34,
    0.35,
    0.37,
    0.37,
    0.35,
    0.355,
    0.375,
    0.35,
    0.335,
    0.405,
    0.38,
    0.335,
    0.34,
    0.37,
    0.34,
    0.36,
    0.365,
    0.34,
    0.375,
    0.36,
    0.34,
    0.375,
    0.37,
    0.355,
    0.34,
    0.385,
    0.36,
    0.37,
    0.38,
    0.315,
    0.34,
    0.35,
    0.385,
    0.36,
    0.36,
    0.335,
    0.35,
    0.34,
    0.335,
    0.37
  ],
  "generations": 300,
  "opponent": "alphabeta",
  "opponent_depth": 2,
  "games_per_eval": 200
}