{
  "run_id": 23,
  "completed_at_utc": "2026-03-14T07:21:22Z",
  "best_win_rate": 0.29,
  "best_weights": [
    9.283959167847653,
    20.541367871597444,
    -11.091827564449696,
    11.319110635901557,
    16.98371199949155,
    27.663234361287564,
    30.815543209516232,
    5.053103819934577,
    12.544214751997186,
    21.81564538855568,
    -3.737763573928196,
    -29.113730757560276,
    1.3399520154563054,
    15.362851324035976
  ],
  "fitness_log": [
    0.285,
    0.245,
    0.255,
    0.28,
    0.275,
    0.32,
    0.285,
    0.28,
    0.305,
    0.305,
    0.31,
    0.275,
    0.28,
    0.305,
    0.3,
    0.315,
    0.305,
    0.38,
    0.305,
    0.355,
    0.31,
    0.33,
    0.31,
    0.34,
    0.36,
    0.33,
    0.4,
    0.325,
    0.38,
    0.3,
    0.355,
    0.32,
    0.31,
    0.325,
    0.305,
    0.335,
    0.325,
    0.34,
    0.305,
    0.33,
    0.35,
    0.36,
    0.305,
    0.345,
    0.39,
    0.35,
    0.37,
    0.345,
    0.345,
    0.35,
    0.355,
    0.34,
    0.315,
    0.37,
    0.32,
    0.33,
    0.38,
    0.305,
    0.295,
    0.345,
    0.33,
    0.31,
    0.355,
    0.335,
    0.33,
    0.36,
    0.34,
    0.33,
    0.36,
    0.345,
    0.33,
    0.35,
    0.34,
    0.31,
    0.325,
    0.305,
    0.355,
    0.325,
    0.335,
    0.34,
    0.325,
    0.335,
    0.325,
    0.3,
    0.33,
    0.395,
    0.35,
    0.34,
    0.345,
    0.315,
    0.355,
    0.335,
    0.325,
    0.35,
    0.32,
    0.345,
    0.32,
    0.34,
    0.385,
    0.335,
    0.345,
    0.32,
    0.345,
    0.365,
    0.39,
    0.335,
    0.34,
    0.375,
    0.335,
    0.325,
    0.375,
    0.335,
    0.345,
    0.35,
    0.325,
    0.345,
    0.35,
    0.32,
    0.3,
    0.335,
    0.365,
    0.295,
    0.355,
    0.36,
    0.37,
    0.34,
    0.345,
    0.335,
    0.335,
    0.335,
    0.35,
    0.33,
    0.35,
    0.315,
    0.38,
    0.34,
    0.335,
    0.33,
    0.33,
    0.375,
    0.33,
    0.355,
    0.325,
    0.35,
    0.335,
    0.32,
    0.345,
    0.33,
    0.34,
    0.305,
    0.325,
    0.345,
    0.35,
    0.315,
    0.365,
    0.335,
    0.34,
    0.325,
    0.395,
    0.355,
    0.345,
    0.365,
    0.31,
    0.345,
    0.345,
    0.36,
    0.35,
    0.36,
    0.315,
    0.33,
    0.335,
    0.345,
    0.335,
    0.345,
    0.36,
    0.365,
    0.365,
    0.355,
    0.36,
    0.335,
    0.31,
    0.33,
    0.325,
    0.33,
    0.315,
    0.325,
    0.33,
    0.325,
    0.335,
    0.355,
    0.355,
    0.35,
    0.335,
    0.365,
    0.33,
    0.33,
    0.33,
    0.32,
    0.385,
    0.335,
    0.325,
    0.345,
    0.345,
    0.31,
    0.37,
    0.35,
    0.33,
    0.345,
    0.34,
    0.325,
    0.325,
    0.325,
    0.38,
    0.345,
    0.34,
    0.355,
    0.36,
    0.32,
    0.33,
    0.345,
    0.32,
    0.32,
    0.375,
    0.355,
    0.32,
    0.355,
    0.33,
    0.33,
    0.31,
    0.335,
    0.34,
    0.36,
    0.295,
    0.325,
    0.35,
    0.33,
    0.345,
    0.35,
    0.36,
    0.315,
    0.325,
    0.325,
    0.32,
    0.315,
    0.33,
    0.33,
    0.35,
    0.34,
    0.345,
    0.365,
    0.325,
    0.35,
    0.33,
    0.37,
    0.36,
    0.34,
    0.34,
    0.37,
    0.35,
    0.36,
    0.355,
    0.345,
    0.34,
    0.335,
    0.32,
    0.335,
    0.325,
    0.365,
    0.315,
    0.355,
    0.38,
    0.395,
    0.335,
    0.325,
    0.32,
    0.335,
    0.31,
    0.37,
    0.335,
    0.31,
    0.34,
    0.35,
    0.32,
    0.325,
    0.325,
    0.345,
    0.335,
    0.395,
    0.32,
    0.36,
    0.34,
    0.35,
    0.325,
    0.33,
    0.35,
    0.35,
    0.315,
    0.35,
    0.34,
    0.32
  ],
  "generations": 300,
  "opponent": "alphabeta",
  "opponent_depth": 2,
  "games_per_eval": 200
}