{
  "run_id": 6,
  "completed_at_utc": "2026-03-14T08:26:46Z",
  "best_win_rate": 0.33,
  "best_weights": [
    4.2803911603168245,
    11.08953687177663,
    2.468485527965181,
    -10.58046928317867,
    16.361855835062904,
    6.276390786056655,
    15.044598615584073,
    -31.0254421607202,
    6.244609094491134,
    8.248448521215742,
    -11.357754203062196,
    15.774565765394204,
    -13.528580593526694,
    5.971803578960621
  ],
  "fitness_log": [
    0.23,
    0.34,
    0.29,
    0.25,
    0.26,
    0.25,
    0.255,
    0.28,
    0.275,
    0.275,
    0.245,
    0.285,
    0.295,
    0.265,
    0.29,
    0.275,
    0.285,
    0.305,
    0.265,
    0.295,
    0.29,
    0.265,
    0.29,
    0.315,
    0.27,
    0.33,
    0.3,
    0.305,
    0.34,
    0.325,
    0.34,
    0.355,
    0.36,
    0.315,
    0.32,
    0.34,
    0.32,
    0.345,
    0.34,
    0.345,
    0.32,
    0.28,
    0.32,
    0.3,
    0.3,
    0.335,
    0.285,
    0.335,
    0.305,
    0.34,
    0.31,
    0.32,
    0.34,
    0.32,
    0.32,
    0.3,
    0.365,
    0.33,
    0.315,
    0.325,
    0.335,
    0.34,
    0.305,
    0.335,
    0.335,
    0.33,
    0.385,
    0.36,
    0.32,
    0.33,
    0.34,
    0.365,
    0.33,
    0.325,
    0.335,
    0.3,
    0.33,
    0.335,
    0.29,
    0.33,
    0.345,
    0.335,
    0.33,
    0.31,
    0.34,
    0.325,
    0.33,
    0.345,
    0.335,
    0.38,
    0.355,
    0.345,
    0.37,
    0.37,
    0.325,
    0.34,
    0.345,
    0.32,
    0.365,
    0.355,
    0.41,
    0.315,
    0.365,
    0.33,
    0.295,
    0.335,
    0.36,
    0.395,
    0.35,
    0.335,
    0.315,
    0.38,
    0.34,
    0.315,
    0.375,
    0.325,
    0.355,
    0.34,
    0.37,
    0.35,
    0.36,
    0.335,
    0.37,
    0.36,
    0.36,
    0.36,
    0.355,
    0.355,
    0.37,
    0.355,
    0.35,
    0.34,
    0.36,
    0.345,
    0.36,
    0.36,
    0.325,
    0.36,
    0.335,
    0.32,
    0.355,
    0.385,
    0.335,
    0.34,
    0.33,
    0.32,
    0.37,
    0.355,
    0.335,
    0.35,
    0.375,
    0.39,
    0.345,
    0.325,
    0.355,
    0.34,
    0.32,
    0.32,
    0.355,
    0.355,
    0.35,
    0.34,
    0.33,
    0.355,
    0.395,
    0.34,
    0.34,
    0.335,
    0.345,
    0.375,
    0.355,
    0.365,
    0.365,
    0.335,
    0.35,
    0.375,
    0.355,
    0.345,
    0.325,
    0.35,
    0.325,
    0.37,
    0.36,
    0.37,
    0.34,
    0.34,
    0.35,
    0.34,
    0.335,
    0.33,
    0.345,
    0.325,
    0.32,
    0.355,
    0.35,
    0.36,
    0.37,
    0.34,
    0.385,
    0.39,
    0.365,
    0.325,
    0.345,
    0.355,
    0.345,
    0.33,
    0.34,
    0.36,
    0.355,
    0.37,
    0.335,
    0.38,
    0.35,
    0.36,
    0.34,
    0.35,
    0.39,
    0.335,
    0.34,
    0.355,
    0.36,
    0.315,
    0.395,
    0.34,
    0.34,
    0.345,
    0.355,
    0.35,
    0.315,
    0.345,
    0.32,
    0.345,
    0.37,
    0.36,
    0.33,
    0.385,
    0.33,
    0.39,
    0.31,
    0.355,
    0.36,
    0.385,
    0.33,
    0.325,
    0.325,
    0.305,
    0.335,
    0.315,
    0.335,
    0.365,
    0.365,
    0.365,
    0.315,
    0.305,
    0.365,
    0.365,
    0.325,
    0.36,
    0.375,
    0.365,
    0.33,
    0.36,
    0.32,
    0.34,
    0.33,
    0.335,
    0.36,
    0.385,
    0.36,
    0.35,
    0.335,
    0.325,
    0.335,
    0.34,
    0.335,
    0.33,
    0.34,
    0.35,
    0.365,
    0.36,
    0.35,
    0.35,
    0.365,
    0.335,
    0.33,
    0.36,
    0.36,
    0.34,
    0.33,
    0.335,
    0.345,
    0.37,
    0.375,
    0.365,
    0.365,
    0.32,
    0.335,
    0.345,
    0.335,
    0.33
  ],
  "generations": 300,
  "opponent": "alphabeta",
  "opponent_depth": 2,
  "games_per_eval": 200
}