{
  "run_id": 11,
  "completed_at_utc": "2026-03-14T09:03:32Z",
  "best_win_rate": 0.29,
  "best_weights": [
    8.287020396408865,
    17.993781650146385,
    6.915630304795625,
    0.6543707395667602,
    35.65161508874191,
    15.278735794365279,
    33.85547429475334,
    42.093547662814295,
    17.712584838113884,
    28.956702072945227,
    -44.28157008749694,
    2.850905265079719,
    11.221656679204099,
    7.266606572715813
  ],
  "fitness_log": [
    0.22,
    0.3,
    0.28,
    0.29,
    0.295,
    0.285,
    0.32,
    0.315,
    0.3,
    0.365,
    0.315,
    0.345,
    0.31,
    0.29,
    0.325,
    0.315,
    0.295,
    0.375,
    0.33,
    0.355,
    0.355,
    0.38,
    0.385,
    0.375,
    0.33,
    0.345,
    0.395,
    0.345,
    0.36,
    0.36,
    0.37,
    0.325,
    0.355,
    0.355,
    0.34,
    0.395,
    0.325,
    0.355,
    0.35,
    0.35,
    0.355,
    0.33,
    0.36,
    0.35,
    0.375,
    0.365,
    0.315,
    0.335,
    0.33,
    0.295,
    0.355,
    0.32,
    0.335,
    0.35,
    0.31,
    0.36,
    0.31,
    0.32,
    0.345,
    0.365,
    0.34,
    0.34,
    0.305,
    0.36,
    0.365,
    0.335,
    0.31,
    0.34,
    0.335,
    0.325,
    0.305,
    0.345,
    0.355,
    0.33,
    0.395,
    0.345,
    0.325,
    0.355,
    0.325,
    0.35,
    0.35,
    0.34,
    0.35,
    0.385,
    0.36,
    0.345,
    0.365,
    0.335,
    0.33,
    0.325,
    0.395,
    0.35,
    0.33,
    0.38,
    0.365,
    0.345,
    0.355,
    0.37,
    0.37,
    0.33,
    0.38,
    0.36,
    0.37,
    0.325,
    0.35,
    0.35,
    0.335,
    0.345,
    0.355,
    0.385,
    0.34,
    0.36,
    0.385,
    0.34,
    0.35,
    0.34,
    0.355,
    0.34,
    0.385,
    0.355,
    0.43,
    0.38,
    0.33,
    0.35,
    0.35,
    0.36,
    0.325,
    0.335,
    0.355,
    0.315,
    0.355,
    0.32,
    0.33,
    0.35,
    0.33,
    0.315,
    0.335,
    0.355,
    0.35,
    0.355,
    0.33,
    0.37,
    0.37,
    0.33,
    0.325,
    0.355,
    0.375,
    0.35,
    0.34,
    0.35,
    0.35,
    0.34,
    0.355,
    0.33,
    0.35,
    0.365,
    0.32,
    0.405,
    0.35,
    0.35,
    0.365,
    0.34,
    0.36,
    0.365,
    0.355,
    0.35,
    0.355,
    0.34,
    0.38,
    0.365,
    0.395,
    0.39,
    0.35,
    0.365,
    0.36,
    0.355,
    0.345,
    0.345,
    0.345,
    0.365,
    0.35,
    0.385,
    0.33,
    0.365,
    0.325,
    0.37,
    0.39,
    0.37,
    0.355,
    0.38,
    0.355,
    0.335,
    0.34,
    0.35,
    0.35,
    0.36,
    0.34,
    0.35,
    0.39,
    0.37,
    0.315,
    0.33,
    0.35,
    0.355,
    0.36,
    0.335,
    0.34,
    0.33,
    0.325,
    0.38,
    0.33,
    0.4,
    0.4,
    0.355,
    0.36,
    0.33,
    0.36,
    0.36,
    0.345,
    0.4,
    0.335,
    0.34,
    0.33,
    0.385,
    0.335,
    0.36,
    0.335,
    0.34,
    0.325,
    0.37,
    0.34,
    0.34,
    0.345,
    0.365,
    0.38,
    0.345,
    0.34,
    0.31,
    0.365,
    0.335,
    0.355,
    0.34,
    0.36,
    0.305,
    0.34,
    0.375,
    0.35,
    0.39,
    0.355,
    0.325,
    0.365,
    0.34,
    0.4,
    0.39,
    0.345,
    0.365,
    0.33,
    0.35,
    0.375,
    0.365,
    0.355,
    0.345,
    0.32,
    0.375,
    0.335,
    0.345,
    0.35,
    0.325,
    0.355,
    0.355,
    0.355,
    0.36,
    0.37,
    0.365,
    0.34,
    0.415,
    0.35,
    0.35,
    0.375,
    0.395,
    0.34,
    0.37,
    0.34,
    0.34,
    0.36,
    0.355,
    0.365,
    0.355,
    0.31,
    0.38,
    0.35,
    0.335,
    0.385,
    0.35,
    0.325,
    0.335,
    0.375,
    0.385,
    0.36,
    0.355
  ],
  "generations": 300,
  "opponent": "alphabeta",
  "opponent_depth": 2,
  "games_per_eval": 200
}