{
  "run_id": 7,
  "best_win_rate": 0.4,
  "best_weights": [
    4.0883194393631,
    3.1527628985180334,
    2.0347931866355315,
    -1.9895387495321724,
    2.9268541818363967,
    1.125040026884272,
    6.18957296556162,
    0.68390660170137,
    5.89511588519278,
    -3.1622130358253533,
    2.1707006829938402,
    -1.6190746579630848,
    -0.6213870895366256,
    -1.0414645899281711
  ],
  "fitness_log": [
    0.7,
    0.7,
    0.6,
    0.6,
    0.6,
    0.7,
    0.5,
    0.7,
    0.7,
    0.8,
    0.8,
    0.7,
    0.8,
    0.8,
    0.7,
    0.7,
    0.7,
    0.8,
    0.6,
    0.7,
    0.7,
    0.6,
    0.7,
    0.9,
    0.6,
    0.7,
    0.6,
    0.9,
    0.8,
    0.7,
    0.7,
    0.7,
    0.5,
    0.7,
    0.7,
    0.6,
    0.6,
    0.6,
    0.9,
    0.8,
    0.8,
    0.7,
    0.7,
    0.7,
    0.7,
    0.7,
    0.8,
    0.6,
    0.9,
    0.6,
    0.7,
    0.8,
    0.7,
    0.7,
    0.6,
    0.7,
    0.8,
    0.8,
    0.7,
    0.6,
    0.8,
    0.7,
    0.8,
    0.8,
    0.7,
    0.7,
    0.8,
    0.8,
    0.8,
    0.8,
    0.9,
    0.7,
    0.9,
    0.9,
    0.7,
    0.7,
    0.9,
    0.8,
    0.7,
    0.8,
    0.8,
    0.8,
    0.9,
    0.8,
    0.8,
    0.9,
    0.9,
    0.8,
    0.8,
    0.8
  ],
  "generations": 90,
  "opponent": "greedyvalue",
  "games_per_eval": 10
}