{
  "run_id": 27,
  "completed_at_utc": "2026-03-14T08:27:03Z",
  "best_win_rate": 0.295,
  "best_weights": [
    22.637859632480197,
    3.984003710770321,
    5.113195540089111,
    -21.102584083099753,
    7.8130403417417185,
    23.08355310116566,
    10.316433343343128,
    12.007018807406052,
    23.0315779253757,
    2.762770412035831,
    -1.6915191693153708,
    31.097815623492625,
    2.5428545504431583,
    15.65977998018756
  ],
  "fitness_log": [
    0.25,
    0.265,
    0.24,
    0.27,
    0.31,
    0.28,
    0.26,
    0.265,
    0.28,
    0.27,
    0.235,
    0.24,
    0.24,
    0.28,
    0.295,
    0.285,
    0.28,
    0.28,
    0.275,
    0.28,
    0.31,
    0.335,
    0.325,
    0.305,
    0.345,
    0.275,
    0.305,
    0.34,
    0.335,
    0.34,
    0.36,
    0.295,
    0.31,
    0.315,
    0.31,
    0.31,
    0.33,
    0.315,
    0.325,
    0.32,
    0.31,
    0.33,
    0.32,
    0.325,
    0.34,
    0.335,
    0.35,
    0.35,
    0.335,
    0.32,
    0.34,
    0.375,
    0.345,
    0.32,
    0.31,
    0.355,
    0.345,
    0.3,
    0.315,
    0.34,
    0.355,
    0.335,
    0.32,
    0.345,
    0.315,
    0.35,
    0.325,
    0.35,
    0.325,
    0.32,
    0.35,
    0.325,
    0.31,
    0.345,
    0.35,
    0.35,
    0.325,
    0.335,
    0.34,
    0.32,
    0.35,
    0.36,
    0.33,
    0.33,
    0.335,
    0.34,
    0.36,
    0.375,
    0.355,
    0.34,
    0.355,
    0.31,
    0.325,
    0.35,
    0.35,
    0.345,
    0.355,
    0.385,
    0.35,
    0.355,
    0.36,
    0.355,
    0.325,
    0.345,
    0.345,
    0.34,
    0.34,
    0.325,
    0.35,
    0.355,
    0.39,
    0.345,
    0.355,
    0.325,
    0.33,
    0.31,
    0.345,
    0.35,
    0.345,
    0.39,
    0.315,
    0.36,
    0.34,
    0.34,
    0.335,
    0.35,
    0.335,
    0.365,
    0.33,
    0.32,
    0.335,
    0.32,
    0.33,
    0.325,
    0.305,
    0.325,
    0.325,
    0.305,
    0.315,
    0.3,
    0.38,
    0.335,
    0.355,
    0.325,
    0.325,
    0.38,
    0.3,
    0.35,
    0.31,
    0.335,
    0.38,
    0.34,
    0.335,
    0.32,
    0.32,
    0.3,
    0.335,
    0.315,
    0.325,
    0.29,
    0.345,
    0.315,
    0.32,
    0.315,
    0.35,
    0.355,
    0.34,
    0.355,
    0.36,
    0.36,
    0.345,
    0.325,
    0.345,
    0.37,
    0.335,
    0.335,
    0.375,
    0.355,
    0.335,
    0.37,
    0.345,
    0.3,
    0.37,
    0.38,
    0.36,
    0.385,
    0.315,
    0.37,
    0.385,
    0.38,
    0.355,
    0.355,
    0.335,
    0.36,
    0.35,
    0.33,
    0.325,
    0.335,
    0.365,
    0.345,
    0.365,
    0.325,
    0.335,
    0.34,
    0.385,
    0.385,
    0.335,
    0.36,
    0.305,
    0.315,
    0.345,
    0.38,
    0.35,
    0.32,
    0.365,
    0.34,
    0.36,
    0.325,
    0.31,
    0.34,
    0.325,
    0.34,
    0.36,
    0.335,
    0.335,
    0.365,
    0.325,
    0.365,
    0.34,
    0.325,
    0.34,
    0.415,
    0.39,
    0.32,
    0.345,
    0.35,
    0.365,
    0.365,
    0.365,
    0.335,
    0.325,
    0.31,
    0.3,
    0.345,
    0.32,
    0.355,
    0.37,
    0.37,
    0.33,
    0.33,
    0.375,
    0.335,
    0.34,
    0.335,
    0.335,
    0.335,
    0.33,
    0.32,
    0.36,
    0.355,
    0.345,
    0.355,
    0.35,
    0.35,
    0.345,
    0.345,
    0.33,
    0.315,
    0.325,
    0.355,
    0.395,
    0.36,
    0.32,
    0.355,
    0.33,
    0.34,
    0.36,
    0.355,
    0.325,
    0.32,
    0.365,
    0.33,
    0.355,
    0.375,
    0.33,
    0.345,
    0.365,
    0.325,
    0.325,
    0.34,
    0.33,
    0.345,
    0.39,
    0.365,
    0.35,
    0.345,
    0.345,
    0.335,
    0.33,
    0.33
  ],
  "generations": 300,
  "opponent": "alphabeta",
  "opponent_depth": 2,
  "games_per_eval": 200
}