{
  "run_id": 17,
  "completed_at_utc": "2026-03-14T09:37:11Z",
  "best_win_rate": 0.31,
  "best_weights": [
    1.471270494795704,
    41.557804080955634,
    45.74100084803268,
    16.356543238672824,
    3.619244604347381,
    17.05541610886084,
    20.303843957620856,
    -3.6244047197576164,
    -69.14252022356143,
    55.010147108074534,
    -25.33785039458607,
    41.923195858847905,
    -24.949330051759983,
    35.1921879764263
  ],
  "fitness_log": [
    0.225,
    0.285,
    0.26,
    0.255,
    0.27,
    0.28,
    0.26,
    0.28,
    0.3,
    0.305,
    0.29,
    0.295,
    0.275,
    0.275,
    0.275,
    0.31,
    0.31,
    0.315,
    0.295,
    0.305,
    0.355,
    0.295,
    0.335,
    0.36,
    0.32,
    0.33,
    0.325,
    0.335,
    0.335,
    0.315,
    0.3,
    0.33,
    0.31,
    0.3,
    0.295,
    0.295,
    0.31,
    0.32,
    0.295,
    0.29,
    0.31,
    0.29,
    0.3,
    0.305,
    0.3,
    0.29,
    0.305,
    0.28,
    0.31,
    0.28,
    0.29,
    0.285,
    0.28,
    0.295,
    0.275,
    0.3,
    0.295,
    0.3,
    0.295,
    0.315,
    0.295,
    0.3,
    0.29,
    0.29,
    0.31,
    0.315,
    0.31,
    0.315,
    0.305,
    0.295,
    0.3,
    0.295,
    0.31,
    0.3,
    0.325,
    0.31,
    0.32,
    0.31,
    0.325,
    0.34,
    0.315,
    0.295,
    0.315,
    0.305,
    0.3,
    0.33,
    0.31,
    0.29,
    0.29,
    0.335,
    0.355,
    0.325,
    0.33,
    0.295,
    0.31,
    0.355,
    0.31,
    0.32,
    0.355,
    0.335,
    0.355,
    0.315,
    0.37,
    0.355,
    0.32,
    0.33,
    0.33,
    0.32,
    0.325,
    0.31,
    0.35,
    0.325,
    0.335,
    0.335,
    0.34,
    0.32,
    0.325,
    0.35,
    0.315,
    0.33,
    0.35,
    0.325,
    0.305,
    0.305,
    0.325,
    0.315,
    0.33,
    0.335,
    0.35,
    0.325,
    0.32,
    0.325,
    0.31,
    0.33,
    0.32,
    0.325,
    0.38,
    0.295,
    0.34,
    0.32,
    0.33,
    0.29,
    0.34,
    0.365,
    0.325,
    0.305,
    0.335,
    0.37,
    0.325,
    0.315,
    0.33,
    0.32,
    0.32,
    0.315,
    0.325,
    0.31,
    0.34,
    0.325,
    0.325,
    0.34,
    0.335,
    0.325,
    0.35,
    0.375,
    0.32,
    0.315,
    0.315,
    0.365,
    0.305,
    0.325,
    0.31,
    0.345,
    0.35,
    0.31,
    0.34,
    0.345,
    0.32,
    0.33,
    0.32,
    0.355,
    0.335,
    0.305,
    0.31,
    0.285,
    0.325,
    0.295,
    0.335,
    0.315,
    0.34,
    0.34,
    0.355,
    0.35,
    0.31,
    0.33,
    0.35,
    0.315,
    0.325,
    0.315,
    0.29,
    0.29,
    0.345,
    0.31,
    0.325,
    0.335,
    0.305,
    0.325,
    0.335,
    0.355,
    0.335,
    0.295,
    0.295,
    0.325,
    0.295,
    0.335,
    0.315,
    0.33,
    0.315,
    0.305,
    0.315,
    0.35,
    0.315,
    0.3,
    0.35,
    0.36,
    0.315,
    0.34,
    0.31,
    0.34,
    0.335,
    0.365,
    0.375,
    0.365,
    0.33,
    0.315,
    0.355,
    0.32,
    0.34,
    0.34,
    0.38,
    0.345,
    0.315,
    0.365,
    0.3,
    0.35,
    0.315,
    0.325,
    0.325,
    0.325,
    0.3,
    0.325,
    0.325,
    0.33,
    0.32,
    0.35,
    0.335,
    0.3,
    0.32,
    0.335,
    0.32,
    0.33,
    0.375,
    0.33,
    0.335,
    0.33,
    0.345,
    0.32,
    0.315,
    0.305,
    0.34,
    0.33,
    0.315,
    0.35,
    0.3,
    0.32,
    0.35,
    0.36,
    0.34,
    0.32,
    0.35,
    0.325,
    0.315,
    0.34,
    0.36,
    0.335,
    0.315,
    0.34,
    0.315,
    0.365,
    0.34,
    0.3,
    0.35,
    0.3,
    0.32,
    0.335,
    0.355,
    0.31,
    0.33,
    0.32,
    0.34,
    0.325
  ],
  "generations": 300,
  "opponent": "alphabeta",
  "opponent_depth": 2,
  "games_per_eval": 200
}