{
  "run_id": 0,
  "completed_at_utc": "2026-03-14T10:11:14Z",
  "best_win_rate": 0.34,
  "best_weights": [
    2.3044358398328,
    36.79753593202226,
    9.864341640172581,
    -1.163278680501577,
    11.488605335424868,
    6.59120514305643,
    4.564937159647933,
    20.893599545118605,
    0.7572825058647106,
    9.279894284840188,
    -17.934871544724892,
    -5.33198461133808,
    -10.476191975745083,
    4.727089244095103
  ],
  "fitness_log": [
    0.22,
    0.27,
    0.295,
    0.285,
    0.27,
    0.25,
    0.31,
    0.305,
    0.305,
    0.285,
    0.29,
    0.32,
    0.27,
    0.29,
    0.29,
    0.305,
    0.325,
    0.32,
    0.33,
    0.3,
    0.31,
    0.325,
    0.34,
    0.305,
    0.32,
    0.315,
    0.33,
    0.295,
    0.31,
    0.335,
    0.335,
    0.37,
    0.315,
    0.325,
    0.36,
    0.35,
    0.325,
    0.355,
    0.36,
    0.305,
    0.33,
    0.335,
    0.32,
    0.285,
    0.335,
    0.385,
    0.315,
    0.38,
    0.35,
    0.305,
    0.345,
    0.325,
    0.375,
    0.325,
    0.36,
    0.345,
    0.325,
    0.335,
    0.33,
    0.33,
    0.365,
    0.345,
    0.325,
    0.345,
    0.315,
    0.375,
    0.325,
    0.31,
    0.31,
    0.275,
    0.305,
    0.345,
    0.315,
    0.32,
    0.305,
    0.32,
    0.315,
    0.32,
    0.335,
    0.35,
    0.325,
    0.345,
    0.385,
    0.355,
    0.355,
    0.35,
    0.36,
    0.35,
    0.345,
    0.345,
    0.34,
    0.325,
    0.34,
    0.37,
    0.34,
    0.31,
    0.34,
    0.38,
    0.375,
    0.41,
    0.34,
    0.385,
    0.335,
    0.315,
    0.32,
    0.36,
    0.315,
    0.325,
    0.375,
    0.335,
    0.37,
    0.37,
    0.335,
    0.325,
    0.345,
    0.295,
    0.325,
    0.365,
    0.375,
    0.365,
    0.345,
    0.33,
    0.32,
    0.33,
    0.325,
    0.36,
    0.29,
    0.34,
    0.355,
    0.29,
    0.335,
    0.315,
    0.34,
    0.33,
    0.315,
    0.315,
    0.34,
    0.32,
    0.345,
    0.34,
    0.345,
    0.315,
    0.33,
    0.32,
    0.315,
    0.3,
    0.345,
    0.31,
    0.36,
    0.305,
    0.345,
    0.335,
    0.345,
    0.315,
    0.35,
    0.335,
    0.33,
    0.335,
    0.335,
    0.34,
    0.355,
    0.335,
    0.35,
    0.32,
    0.325,
    0.35,
    0.36,
    0.375,
    0.33,
    0.345,
    0.31,
    0.32,
    0.38,
    0.34,
    0.325,
    0.385,
    0.32,
    0.335,
    0.34,
    0.34,
    0.37,
    0.375,
    0.33,
    0.36,
    0.32,
    0.325,
    0.35,
    0.35,
    0.32,
    0.35,
    0.335,
    0.34,
    0.325,
    0.32,
    0.37,
    0.32,
    0.33,
    0.315,
    0.335,
    0.355,
    0.355,
    0.355,
    0.365,
    0.33,
    0.315,
    0.335,
    0.365,
    0.345,
    0.335,
    0.35,
    0.315,
    0.33,
    0.35,
    0.375,
    0.325,
    0.32,
    0.315,
    0.35,
    0.36,
    0.345,
    0.335,
    0.34,
    0.33,
    0.33,
    0.33,
    0.32,
    0.315,
    0.315,
    0.33,
    0.33,
    0.32,
    0.34,
    0.33,
    0.35,
    0.33,
    0.34,
    0.305,
    0.355,
    0.33,
    0.33,
    0.35,
    0.34,
    0.35,
    0.315,
    0.325,
    0.355,
    0.335,
    0.32,
    0.34,
    0.335,
    0.355,
    0.325,
    0.37,
    0.315,
    0.365,
    0.33,
    0.31,
    0.35,
    0.345,
    0.34,
    0.335,
    0.335,
    0.335,
    0.33,
    0.325,
    0.35,
    0.36,
    0.37,
    0.33,
    0.345,
    0.335,
    0.33,
    0.34,
    0.335,
    0.34,
    0.32,
    0.375,
    0.36,
    0.365,
    0.34,
    0.3,
    0.305,
    0.365,
    0.37,
    0.355,
    0.335,
    0.365,
    0.355,
    0.35,
    0.32,
    0.375,
    0.33,
    0.34,
    0.34,
    0.325,
    0.315,
    0.325,
    0.315,
    0.315,
    0.33
  ],
  "generations": 300,
  "opponent": "alphabeta",
  "opponent_depth": 2,
  "games_per_eval": 200
}