{
  "run_id": 15,
  "completed_at_utc": "2026-03-14T09:33:22Z",
  "best_win_rate": 0.295,
  "best_weights": [
    8.693895504671023,
    1.6083502544159056,
    4.420942627242477,
    11.514187689272301,
    7.530859900854303,
    10.028625061304812,
    13.385249154717672,
    -0.7456973765334215,
    6.014561921513205,
    -2.938569302956455,
    1.106183669780643,
    9.294404351540514,
    -3.1313856738284764,
    3.4141547125729796
  ],
  "fitness_log": [
    0.23,
    0.205,
    0.245,
    0.3,
    0.27,
    0.265,
    0.255,
    0.275,
    0.29,
    0.35,
    0.225,
    0.285,
    0.28,
    0.275,
    0.295,
    0.3,
    0.32,
    0.27,
    0.325,
    0.31,
    0.29,
    0.305,
    0.305,
    0.29,
    0.33,
    0.335,
    0.325,
    0.35,
    0.33,
    0.315,
    0.325,
    0.29,
    0.31,
    0.335,
    0.31,
    0.31,
    0.315,
    0.325,
    0.29,
    0.335,
    0.295,
    0.295,
    0.325,
    0.32,
    0.31,
    0.3,
    0.295,
    0.275,
    0.285,
    0.3,
    0.305,
    0.35,
    0.35,
    0.295,
    0.315,
    0.32,
    0.295,
    0.37,
    0.335,
    0.37,
    0.33,
    0.32,
    0.32,
    0.3,
    0.335,
    0.325,
    0.345,
    0.31,
    0.295,
    0.33,
    0.34,
    0.33,
    0.325,
    0.335,
    0.33,
    0.295,
    0.31,
    0.36,
    0.33,
    0.35,
    0.315,
    0.325,
    0.31,
    0.29,
    0.305,
    0.31,
    0.35,
    0.33,
    0.33,
    0.31,
    0.3,
    0.345,
    0.32,
    0.345,
    0.375,
    0.335,
    0.32,
    0.315,
    0.335,
    0.315,
    0.34,
    0.315,
    0.315,
    0.36,
    0.31,
    0.325,
    0.375,
    0.325,
    0.345,
    0.305,
    0.35,
    0.3,
    0.335,
    0.35,
    0.32,
    0.28,
    0.37,
    0.335,
    0.335,
    0.35,
    0.32,
    0.315,
    0.31,
    0.37,
    0.34,
    0.32,
    0.35,
    0.375,
    0.325,
    0.31,
    0.355,
    0.29,
    0.33,
    0.36,
    0.31,
    0.35,
    0.34,
    0.355,
    0.335,
    0.33,
    0.295,
    0.325,
    0.315,
    0.32,
    0.33,
    0.32,
    0.32,
    0.315,
    0.3,
    0.31,
    0.3,
    0.33,
    0.31,
    0.335,
    0.355,
    0.32,
    0.345,
    0.315,
    0.345,
    0.31,
    0.3,
    0.305,
    0.32,
    0.395,
    0.31,
    0.32,
    0.31,
    0.315,
    0.325,
    0.295,
    0.33,
    0.31,
    0.3,
    0.355,
    0.335,
    0.305,
    0.335,
    0.335,
    0.305,
    0.29,
    0.32,
    0.3,
    0.315,
    0.335,
    0.325,
    0.305,
    0.32,
    0.37,
    0.35,
    0.29,
    0.325,
    0.295,
    0.315,
    0.305,
    0.31,
    0.33,
    0.36,
    0.3,
    0.325,
    0.38,
    0.31,
    0.32,
    0.305,
    0.31,
    0.295,
    0.305,
    0.36,
    0.32,
    0.31,
    0.32,
    0.325,
    0.335,
    0.295,
    0.315,
    0.3,
    0.345,
    0.355,
    0.335,
    0.32,
    0.355,
    0.315,
    0.31,
    0.28,
    0.325,
    0.305,
    0.32,
    0.34,
    0.315,
    0.335,
    0.29,
    0.305,
    0.375,
    0.325,
    0.3,
    0.34,
    0.315,
    0.35,
    0.295,
    0.295,
    0.295,
    0.285,
    0.265,
    0.305,
    0.315,
    0.295,
    0.335,
    0.33,
    0.29,
    0.365,
    0.295,
    0.295,
    0.29,
    0.375,
    0.345,
    0.31,
    0.34,
    0.29,
    0.32,
    0.31,
    0.325,
    0.35,
    0.365,
    0.345,
    0.315,
    0.355,
    0.365,
    0.32,
    0.29,
    0.32,
    0.315,
    0.34,
    0.32,
    0.375,
    0.31,
    0.35,
    0.295,
    0.35,
    0.32,
    0.33,
    0.32,
    0.335,
    0.35,
    0.335,
    0.285,
    0.315,
    0.31,
    0.345,
    0.33,
    0.31,
    0.315,
    0.315,
    0.32,
    0.32,
    0.32,
    0.32,
    0.3,
    0.33,
    0.3,
    0.31,
    0.3
  ],
  "generations": 300,
  "opponent": "alphabeta",
  "opponent_depth": 2,
  "games_per_eval": 200
}