{
  "run_id": 15,
  "best_win_rate": 0.7,
  "best_weights": [
    -0.5346050328122455,
    2.155838587501332,
    3.020352273253076,
    0.9254213778660255,
    0.8688187055147935,
    0.42688415666670565,
    1.846961224814161,
    -1.3246635538513074,
    0.8356145284489837,
    3.7163193622686492,
    -0.5134613078033112,
    -3.4382593421427172,
    3.793727983532221,
    0.3141161289891366
  ],
  "fitness_log": [
    0.6,
    0.5,
    0.6,
    0.8,
    0.5,
    0.6,
    0.8,
    0.9,
    0.8,
    0.7,
    0.9,
    0.8,
    1.0,
    0.8,
    0.8,
    0.9,
    0.7,
    0.7,
    0.9,
    1.0,
    0.8,
    0.8,
    0.7,
    0.7,
    0.7,
    0.7,
    0.6,
    0.9,
    0.9,
    0.9,
    0.8,
    0.8,
    0.9,
    0.7,
    0.7,
    0.8,
    0.9,
    0.8,
    0.9,
    0.7,
    0.8,
    0.9,
    1.0,
    0.8,
    0.8,
    0.9,
    0.8,
    0.9,
    0.7,
    0.8,
    0.8,
    0.7,
    0.9,
    0.8,
    0.8,
    0.8,
    0.8,
    0.8,
    0.9,
    0.8,
    0.8,
    0.9,
    0.9,
    0.8,
    0.8,
    0.8,
    0.9,
    1.0,
    0.9,
    0.9,
    0.9,
    0.7,
    0.8,
    1.0,
    1.0,
    0.9,
    1.0,
    0.9,
    0.8,
    0.9,
    0.7,
    0.9,
    0.9,
    0.9,
    0.9,
    0.8,
    0.9,
    0.8,
    0.9,
    0.9
  ],
  "generations": 90,
  "opponent": "greedyvalue",
  "games_per_eval": 10
}