{
  "run_id": 13,
  "best_win_rate": 0.5,
  "best_weights": [
    -2.8178098345191045,
    1.1312786466369638,
    1.1301393614826354,
    1.6817312635045076,
    2.231126004292501,
    0.9600478220435641,
    1.0884420744190881,
    0.8519556792330962,
    0.6609739934986417,
    -1.871521831331756,
    -0.9219908545451089,
    -0.10215262373773784,
    -1.218771068481578,
    0.2346163413686344
  ],
  "fitness_log": [
    0.7,
    0.7,
    0.7,
    0.8,
    0.9,
    0.8,
    0.8,
    0.7,
    0.8,
    0.8,
    1.0,
    0.7,
    0.7,
    0.8,
    0.7,
    0.7,
    0.8,
    0.9,
    0.8,
    0.8,
    0.9,
    0.8,
    0.7,
    0.8,
    0.6,
    1.0,
    0.7,
    0.9,
    0.6,
    1.0,
    0.8,
    0.7,
    0.7,
    0.7,
    0.8,
    0.8,
    0.9,
    0.8,
    0.9,
    0.9,
    0.8,
    0.8,
    0.8,
    1.0,
    0.8,
    1.0,
    0.9,
    0.8,
    0.9,
    0.9,
    0.9,
    0.9,
    0.9,
    0.8,
    0.8,
    0.9,
    1.0,
    0.9,
    0.8,
    0.9,
    0.8,
    0.8,
    0.9,
    0.9,
    0.9,
    0.8,
    0.9,
    0.8,
    0.8,
    0.8,
    0.7,
    0.8,
    0.9,
    0.8,
    0.9,
    0.8,
    0.8,
    0.9,
    0.8,
    0.8,
    0.8,
    0.8,
    0.6,
    0.9,
    0.9,
    0.9,
    0.8,
    1.0,
    0.8,
    0.9
  ],
  "generations": 90,
  "opponent": "greedyvalue",
  "games_per_eval": 10
}