{
  "run_id": 0,
  "best_win_rate": 0.6,
  "best_weights": [
    -0.7544294991283234,
    0.5712951465282263,
    3.792452948520923,
    2.257214536206148,
    1.1228571174093478,
    1.4076711159688013,
    2.1440509879340715,
    0.6257025558962732,
    1.8144263568695993,
    0.2548654999911016,
    0.42989806516449347,
    0.5127059097100379,
    1.2379796694631988,
    -0.5790216429619688
  ],
  "fitness_log": [
    0.5,
    0.9,
    0.8,
    0.7,
    0.8,
    1.0,
    0.8,
    0.9,
    0.9,
    0.9,
    0.9,
    0.9,
    0.9,
    0.9,
    0.9,
    0.8,
    0.8,
    0.9,
    0.8,
    0.9,
    0.9,
    0.9,
    0.8,
    0.9,
    0.8,
    0.9,
    0.9,
    0.7,
    0.7,
    0.8,
    0.8,
    0.8,
    0.7,
    0.9,
    0.9,
    0.8,
    0.8,
    0.8,
    0.9,
    0.7,
    0.8,
    1.0,
    0.8,
    0.9,
    0.8,
    0.8,
    0.7,
    0.9,
    0.7,
    0.8,
    0.8,
    0.9,
    0.8,
    0.9,
    0.8,
    1.0,
    0.7,
    0.9,
    0.8,
    0.7,
    0.7,
    0.7,
    0.8,
    1.0,
    0.8,
    0.7,
    0.9,
    0.8,
    0.8,
    0.9,
    0.7,
    0.8,
    0.7,
    0.8,
    0.7,
    0.9,
    0.7,
    0.9,
    0.8,
    0.9,
    0.9,
    0.9,
    0.9,
    0.9,
    0.9,
    0.9,
    0.9,
    0.9,
    0.8,
    0.8
  ],
  "generations": 90,
  "opponent": "greedyvalue",
  "games_per_eval": 10
}