{
  "run_id": 4,
  "best_win_rate": 0.7,
  "best_weights": [
    -2.3929118608546074,
    1.654251849579336,
    2.3054882780412367,
    2.277444174746476,
    2.772164955323354,
    2.1468893662786597,
    0.48995322115268847,
    0.26746863917912383,
    0.0958060881194468,
    -0.5960868823050427,
    2.0090571565358926,
    0.7840421054830164,
    1.5214452488959276,
    -0.5696855135480972
  ],
  "fitness_log": [
    0.7,
    0.7,
    0.8,
    0.8,
    0.8,
    0.8,
    0.9,
    0.8,
    0.9,
    0.9,
    0.8,
    1.0,
    1.0,
    0.9,
    0.9,
    0.8,
    0.8,
    0.8,
    0.9,
    0.9,
    1.0,
    0.9,
    0.8,
    0.9,
    0.9,
    0.9,
    0.9,
    1.0,
    0.9,
    0.9,
    0.9,
    0.8,
    0.8,
    1.0,
    0.9,
    0.9,
    1.0,
    0.9,
    0.9,
    0.9,
    0.9,
    0.9,
    1.0,
    0.9,
    0.9,
    0.9,
    0.8,
    0.9,
    0.9,
    0.8,
    0.8,
    0.8,
    0.8,
    0.9,
    1.0,
    0.9,
    1.0,
    0.9,
    1.0,
    1.0,
    0.9,
    0.9,
    1.0,
    0.9,
    0.9,
    0.8,
    1.0,
    0.9,
    0.9,
    1.0,
    0.8,
    1.0,
    1.0,
    0.8,
    0.9,
    1.0,
    1.0,
    1.0,
    1.0,
    1.0,
    1.0,
    0.9,
    0.9,
    0.9,
    0.9,
    0.9,
    0.8,
    0.9,
    0.9,
    1.0
  ],
  "generations": 90,
  "opponent": "greedyvalue",
  "games_per_eval": 10
}