{
  "run_id": 9,
  "completed_at_utc": "2026-03-14T08:41:31Z",
  "best_win_rate": 0.3,
  "best_weights": [
    0.43238999351850954,
    1.112759755161472,
    6.340730701032291,
    4.0771837827923,
    1.0407922957067364,
    20.145458677441226,
    7.910690758214335,
    -9.000982851513879,
    -5.315216242467188,
    0.9620756610604256,
    -2.4270067216062134,
    -6.679110165938755,
    7.978661246109859,
    11.453845937294831
  ],
  "fitness_log": [
    0.225,
    0.225,
    0.25,
    0.31,
    0.29,
    0.335,
    0.26,
    0.29,
    0.305,
    0.325,
    0.305,
    0.345,
    0.31,
    0.295,
    0.285,
    0.29,
    0.3,
    0.295,
    0.325,
    0.335,
    0.33,
    0.335,
    0.305,
    0.305,
    0.29,
    0.335,
    0.35,
    0.3,
    0.31,
    0.28,
    0.28,
    0.305,
    0.3,
    0.315,
    0.32,
    0.315,
    0.34,
    0.3,
    0.325,
    0.325,
    0.32,
    0.31,
    0.35,
    0.33,
    0.315,
    0.33,
    0.34,
    0.32,
    0.365,
    0.33,
    0.33,
    0.365,
    0.325,
    0.28,
    0.315,
    0.38,
    0.305,
    0.305,
    0.325,
    0.325,
    0.35,
    0.33,
    0.34,
    0.315,
    0.355,
    0.31,
    0.36,
    0.37,
    0.33,
    0.37,
    0.355,
    0.33,
    0.345,
    0.365,
    0.335,
    0.34,
    0.375,
    0.325,
    0.345,
    0.345,
    0.345,
    0.315,
    0.375,
    0.345,
    0.325,
    0.33,
    0.315,
    0.335,
    0.325,
    0.33,
    0.315,
    0.365,
    0.33,
    0.295,
    0.33,
    0.375,
    0.335,
    0.335,
    0.305,
    0.32,
    0.325,
    0.31,
    0.385,
    0.34,
    0.315,
    0.355,
    0.31,
    0.38,
    0.37,
    0.35,
    0.345,
    0.37,
    0.345,
    0.355,
    0.34,
    0.35,
    0.35,
    0.355,
    0.33,
    0.33,
    0.355,
    0.37,
    0.305,
    0.325,
    0.31,
    0.345,
    0.355,
    0.355,
    0.32,
    0.345,
    0.325,
    0.345,
    0.32,
    0.39,
    0.345,
    0.355,
    0.34,
    0.345,
    0.31,
    0.355,
    0.345,
    0.32,
    0.32,
    0.325,
    0.33,
    0.345,
    0.37,
    0.29,
    0.325,
    0.355,
    0.335,
    0.32,
    0.325,
    0.35,
    0.34,
    0.31,
    0.315,
    0.315,
    0.315,
    0.335,
    0.33,
    0.33,
    0.35,
    0.305,
    0.34,
    0.335,
    0.315,
    0.32,
    0.3,
    0.345,
    0.33,
    0.335,
    0.34,
    0.365,
    0.345,
    0.345,
    0.355,
    0.37,
    0.345,
    0.355,
    0.325,
    0.38,
    0.32,
    0.335,
    0.37,
    0.32,
    0.39,
    0.32,
    0.33,
    0.315,
    0.38,
    0.32,
    0.315,
    0.31,
    0.32,
    0.31,
    0.315,
    0.315,
    0.33,
    0.325,
    0.315,
    0.325,
    0.345,
    0.315,
    0.32,
    0.335,
    0.315,
    0.365,
    0.335,
    0.335,
    0.34,
    0.32,
    0.315,
    0.305,
    0.31,
    0.34,
    0.32,
    0.33,
    0.36,
    0.34,
    0.345,
    0.315,
    0.32,
    0.34,
    0.35,
    0.38,
    0.295,
    0.335,
    0.305,
    0.305,
    0.325,
    0.33,
    0.315,
    0.32,
    0.32,
    0.34,
    0.34,
    0.315,
    0.305,
    0.325,
    0.34,
    0.335,
    0.33,
    0.305,
    0.355,
    0.335,
    0.335,
    0.345,
    0.33,
    0.315,
    0.325,
    0.305,
    0.335,
    0.345,
    0.345,
    0.365,
    0.315,
    0.345,
    0.335,
    0.325,
    0.35,
    0.33,
    0.35,
    0.335,
    0.305,
    0.375,
    0.29,
    0.33,
    0.335,
    0.325,
    0.33,
    0.32,
    0.31,
    0.335,
    0.325,
    0.405,
    0.335,
    0.325,
    0.36,
    0.31,
    0.33,
    0.34,
    0.365,
    0.32,
    0.335,
    0.355,
    0.315,
    0.31,
    0.315,
    0.335,
    0.32,
    0.335,
    0.325,
    0.34,
    0.34,
    0.335,
    0.375,
    0.355,
    0.39,
    0.335
  ],
  "generations": 300,
  "opponent": "alphabeta",
  "opponent_depth": 2,
  "games_per_eval": 200
}