{
  "run_id": 13,
  "completed_at_utc": "2026-03-14T08:14:31Z",
  "best_win_rate": 0.28,
  "best_weights": [
    10.424181296085372,
    2.205667396810446,
    33.69139436453983,
    8.982982123354418,
    14.03800939416982,
    23.65347109350203,
    14.663043260725773,
    -8.055232487440655,
    0.058029694557855116,
    4.254835707037422,
    2.944083153344697,
    20.783712900983495,
    11.60934049267387,
    -2.5130089415636467
  ],
  "fitness_log": [
    0.245,
    0.285,
    0.235,
    0.3,
    0.305,
    0.29,
    0.26,
    0.28,
    0.27,
    0.3,
    0.31,
    0.33,
    0.295,
    0.315,
    0.305,
    0.325,
    0.325,
    0.31,
    0.265,
    0.275,
    0.34,
    0.28,
    0.305,
    0.31,
    0.285,
    0.295,
    0.3,
    0.295,
    0.285,
    0.3,
    0.295,
    0.295,
    0.315,
    0.305,
    0.345,
    0.315,
    0.32,
    0.29,
    0.305,
    0.305,
    0.29,
    0.31,
    0.32,
    0.31,
    0.34,
    0.275,
    0.305,
    0.28,
    0.315,
    0.32,
    0.27,
    0.34,
    0.305,
    0.29,
    0.31,
    0.315,
    0.38,
    0.315,
    0.275,
    0.305,
    0.315,
    0.305,
    0.34,
    0.325,
    0.325,
    0.3,
    0.31,
    0.305,
    0.285,
    0.33,
    0.3,
    0.32,
    0.315,
    0.36,
    0.285,
    0.325,
    0.31,
    0.29,
    0.275,
    0.34,
    0.325,
    0.36,
    0.31,
    0.31,
    0.345,
    0.315,
    0.31,
    0.285,
    0.295,
    0.305,
    0.35,
    0.325,
    0.335,
    0.3,
    0.32,
    0.33,
    0.325,
    0.28,
    0.295,
    0.32,
    0.31,
    0.335,
    0.34,
    0.33,
    0.315,
    0.285,
    0.315,
    0.305,
    0.31,
    0.3,
    0.32,
    0.31,
    0.315,
    0.325,
    0.325,
    0.315,
    0.32,
    0.335,
    0.31,
    0.3,
    0.325,
    0.335,
    0.285,
    0.355,
    0.355,
    0.315,
    0.3,
    0.355,
    0.345,
    0.34,
    0.32,
    0.285,
    0.3,
    0.335,
    0.325,
    0.29,
    0.31,
    0.3,
    0.335,
    0.335,
    0.33,
    0.315,
    0.34,
    0.31,
    0.325,
    0.32,
    0.35,
    0.305,
    0.34,
    0.355,
    0.34,
    0.34,
    0.34,
    0.315,
    0.31,
    0.29,
    0.345,
    0.335,
    0.36,
    0.34,
    0.3,
    0.335,
    0.325,
    0.31,
    0.315,
    0.345,
    0.285,
    0.37,
    0.34,
    0.325,
    0.3,
    0.315,
    0.31,
    0.315,
    0.33,
    0.315,
    0.33,
    0.335,
    0.305,
    0.295,
    0.295,
    0.295,
    0.3,
    0.33,
    0.4,
    0.29,
    0.305,
    0.335,
    0.335,
    0.345,
    0.315,
    0.315,
    0.345,
    0.35,
    0.375,
    0.32,
    0.34,
    0.33,
    0.32,
    0.31,
    0.32,
    0.34,
    0.345,
    0.325,
    0.305,
    0.315,
    0.33,
    0.32,
    0.33,
    0.305,
    0.295,
    0.335,
    0.315,
    0.31,
    0.335,
    0.35,
    0.33,
    0.335,
    0.315,
    0.315,
    0.315,
    0.36,
    0.325,
    0.32,
    0.33,
    0.305,
    0.31,
    0.36,
    0.3,
    0.355,
    0.33,
    0.34,
    0.305,
    0.335,
    0.35,
    0.325,
    0.31,
    0.34,
    0.355,
    0.36,
    0.32,
    0.335,
    0.36,
    0.345,
    0.325,
    0.345,
    0.33,
    0.295,
    0.31,
    0.32,
    0.325,
    0.325,
    0.32,
    0.325,
    0.31,
    0.36,
    0.3,
    0.325,
    0.31,
    0.33,
    0.355,
    0.33,
    0.34,
    0.315,
    0.345,
    0.34,
    0.345,
    0.345,
    0.33,
    0.335,
    0.335,
    0.31,
    0.305,
    0.31,
    0.3,
    0.35,
    0.31,
    0.325,
    0.33,
    0.37,
    0.32,
    0.34,
    0.3,
    0.3,
    0.345,
    0.355,
    0.335,
    0.35,
    0.325,
    0.365,
    0.36,
    0.34,
    0.35,
    0.34,
    0.33,
    0.325,
    0.345,
    0.305,
    0.34,
    0.325
  ],
  "generations": 300,
  "opponent": "alphabeta",
  "opponent_depth": 2,
  "games_per_eval": 200
}