{
  "run_id": 16,
  "completed_at_utc": "2026-03-14T09:35:23Z",
  "best_win_rate": 0.24,
  "best_weights": [
    6.060152599906769,
    17.72727555000632,
    -20.340052469755783,
    -15.281265557865325,
    60.14906648176921,
    25.22305336176617,
    17.583966727195385,
    -65.50754933389526,
    26.087880076177093,
    24.997971015905165,
    -16.455103162794323,
    27.38928599449506,
    4.116550704397558,
    17.13106082027898
  ],
  "fitness_log": [
    0.29,
    0.235,
    0.225,
    0.24,
    0.265,
    0.265,
    0.325,
    0.305,
    0.305,
    0.3,
    0.285,
    0.29,
    0.285,
    0.31,
    0.28,
    0.335,
    0.285,
    0.29,
    0.285,
    0.33,
    0.315,
    0.275,
    0.295,
    0.325,
    0.285,
    0.29,
    0.335,
    0.32,
    0.32,
    0.35,
    0.34,
    0.345,
    0.295,
    0.32,
    0.305,
    0.295,
    0.32,
    0.34,
    0.285,
    0.31,
    0.32,
    0.35,
    0.33,
    0.315,
    0.35,
    0.33,
    0.315,
    0.34,
    0.375,
    0.325,
    0.355,
    0.355,
    0.33,
    0.33,
    0.33,
    0.35,
    0.335,
    0.33,
    0.365,
    0.32,
    0.315,
    0.325,
    0.365,
    0.335,
    0.315,
    0.33,
    0.365,
    0.345,
    0.31,
    0.33,
    0.335,
    0.325,
    0.33,
    0.34,
    0.3,
    0.36,
    0.355,
    0.33,
    0.315,
    0.345,
    0.32,
    0.365,
    0.34,
    0.295,
    0.335,
    0.33,
    0.32,
    0.335,
    0.31,
    0.33,
    0.35,
    0.33,
    0.33,
    0.33,
    0.325,
    0.34,
    0.345,
    0.315,
    0.335,
    0.32,
    0.345,
    0.33,
    0.33,
    0.35,
    0.345,
    0.345,
    0.34,
    0.345,
    0.33,
    0.355,
    0.35,
    0.315,
    0.325,
    0.345,
    0.34,
    0.32,
    0.36,
    0.335,
    0.345,
    0.34,
    0.31,
    0.33,
    0.315,
    0.355,
    0.335,
    0.35,
    0.355,
    0.33,
    0.305,
    0.33,
    0.35,
    0.375,
    0.345,
    0.325,
    0.34,
    0.355,
    0.35,
    0.345,
    0.365,
    0.355,
    0.345,
    0.345,
    0.31,
    0.35,
    0.31,
    0.33,
    0.34,
    0.35,
    0.375,
    0.335,
    0.345,
    0.315,
    0.355,
    0.34,
    0.29,
    0.37,
    0.345,
    0.335,
    0.345,
    0.365,
    0.4,
    0.34,
    0.325,
    0.325,
    0.32,
    0.32,
    0.365,
    0.325,
    0.345,
    0.325,
    0.33,
    0.39,
    0.305,
    0.32,
    0.405,
    0.325,
    0.39,
    0.3,
    0.31,
    0.34,
    0.365,
    0.37,
    0.34,
    0.33,
    0.355,
    0.355,
    0.355,
    0.33,
    0.395,
    0.35,
    0.345,
    0.33,
    0.335,
    0.355,
    0.315,
    0.365,
    0.33,
    0.37,
    0.36,
    0.33,
    0.34,
    0.365,
    0.295,
    0.345,
    0.355,
    0.34,
    0.32,
    0.34,
    0.37,
    0.33,
    0.36,
    0.34,
    0.32,
    0.335,
    0.335,
    0.355,
    0.31,
    0.34,
    0.315,
    0.3,
    0.33,
    0.345,
    0.355,
    0.335,
    0.34,
    0.325,
    0.35,
    0.335,
    0.34,
    0.395,
    0.345,
    0.335,
    0.345,
    0.345,
    0.34,
    0.335,
    0.345,
    0.35,
    0.35,
    0.345,
    0.355,
    0.34,
    0.34,
    0.335,
    0.345,
    0.33,
    0.345,
    0.34,
    0.315,
    0.34,
    0.345,
    0.325,
    0.335,
    0.32,
    0.36,
    0.325,
    0.32,
    0.375,
    0.33,
    0.355,
    0.37,
    0.335,
    0.35,
    0.34,
    0.33,
    0.355,
    0.36,
    0.335,
    0.325,
    0.34,
    0.345,
    0.38,
    0.335,
    0.345,
    0.36,
    0.36,
    0.375,
    0.31,
    0.345,
    0.345,
    0.345,
    0.33,
    0.35,
    0.325,
    0.32,
    0.39,
    0.37,
    0.37,
    0.385,
    0.345,
    0.36,
    0.305,
    0.325,
    0.33,
    0.335,
    0.325,
    0.34,
    0.37,
    0.345,
    0.345
  ],
  "generations": 300,
  "opponent": "alphabeta",
  "opponent_depth": 2,
  "games_per_eval": 200
}