{
  "run_id": 1,
  "best_win_rate": 0.7,
  "best_weights": [
    1.3757742805244604,
    1.2456312728078598,
    1.7584033161652297,
    1.526629845990671,
    -0.3302288855418252,
    0.99431132464048,
    -0.4709967497410955,
    0.6883966470897798,
    -0.31572750548091777,
    -0.570965953092982,
    2.229590284553344,
    1.3110018663802523,
    0.8766862989595676,
    1.005741608721212
  ],
  "fitness_log": [
    0.7,
    0.5,
    0.7,
    1.0,
    1.0,
    0.9,
    0.8,
    0.7,
    0.8,
    0.8,
    0.8,
    1.0,
    0.9,
    0.8,
    0.7,
    0.7,
    0.8,
    0.8,
    0.8,
    0.9,
    0.7,
    0.9,
    0.9,
    0.8,
    0.8,
    0.9,
    0.9,
    0.8,
    0.7,
    0.8,
    0.8,
    0.9,
    0.8,
    0.8,
    0.9,
    0.9,
    0.8,
    0.8,
    0.8,
    0.9,
    0.8,
    0.8,
    0.8,
    0.7,
    0.8,
    0.7,
    0.9,
    0.8,
    0.7,
    0.7,
    0.8,
    0.8,
    0.8,
    0.9,
    0.8,
    0.9,
    0.8,
    0.9,
    0.9,
    0.8,
    0.9,
    0.7,
    1.0,
    0.8,
    0.8,
    0.7,
    0.9,
    0.8,
    0.9,
    0.8,
    0.8,
    0.9,
    0.9,
    0.9,
    0.9,
    0.9,
    0.9,
    0.9,
    0.7,
    0.9,
    0.8,
    0.9,
    0.9,
    0.8,
    0.8,
    0.7,
    0.7,
    0.9,
    0.8,
    0.9
  ],
  "generations": 90,
  "opponent": "greedyvalue",
  "games_per_eval": 10
}