{
  "run_id": 19,
  "best_win_rate": 0.8,
  "best_weights": [
    -1.362308190602336,
    1.7765144388198202,
    0.17365194413903984,
    -1.621129384958087,
    -0.772625489285204,
    -1.4677214777526069,
    2.4273282631082984,
    1.5921944377708472,
    1.8113145219296671,
    2.0513524545119495,
    1.3472707221467066,
    -0.6772472808509841,
    -0.0897459625639202,
    -0.07262546561384481
  ],
  "fitness_log": [
    0.5,
    0.8,
    0.6,
    0.8,
    0.6,
    0.8,
    0.7,
    1.0,
    0.7,
    0.8,
    0.8,
    0.8,
    0.9,
    0.8,
    1.0,
    0.9,
    0.8,
    0.8,
    0.7,
    0.8,
    0.8,
    0.9,
    0.8,
    0.8,
    0.9,
    0.8,
    0.8,
    0.9,
    0.9,
    0.9,
    1.0,
    1.0,
    0.8,
    0.7,
    0.8,
    0.8,
    0.9,
    1.0,
    0.8,
    0.8,
    0.9,
    0.9,
    0.9,
    0.9,
    0.8,
    0.9,
    0.9,
    0.9,
    0.9,
    0.9,
    1.0,
    0.9,
    1.0,
    1.0,
    0.8,
    0.8,
    1.0,
    0.8,
    0.9,
    0.9,
    0.9,
    0.8,
    0.8,
    0.9,
    0.8,
    0.8,
    1.0,
    0.9,
    0.9,
    0.9,
    0.9,
    0.9,
    0.8,
    1.0,
    0.9,
    0.8,
    1.0,
    0.9,
    0.8,
    1.0,
    0.8,
    0.8,
    0.9,
    0.8,
    0.8,
    0.9,
    0.8,
    0.8,
    0.8,
    0.9
  ],
  "generations": 90,
  "opponent": "greedyvalue",
  "games_per_eval": 10
}