{
  "run_id": 20,
  "completed_at_utc": "2026-03-14T09:25:07Z",
  "best_win_rate": 0.35,
  "best_weights": [
    8.130138539112872,
    11.73396824994856,
    3.77788900937991,
    -0.3151937676631349,
    20.929283885956135,
    26.34455866218932,
    17.895011786113166,
    -14.93539443813802,
    11.69239873513025,
    15.601363780384588,
    -12.021879820662475,
    10.109683834058538,
    -7.72468304685042,
    12.685586613031694
  ],
  "fitness_log": [
    0.265,
    0.265,
    0.31,
    0.305,
    0.265,
    0.255,
    0.285,
    0.285,
    0.34,
    0.32,
    0.265,
    0.275,
    0.335,
    0.275,
    0.315,
    0.345,
    0.295,
    0.33,
    0.345,
    0.345,
    0.315,
    0.3,
    0.335,
    0.345,
    0.32,
    0.34,
    0.355,
    0.325,
    0.3,
    0.34,
    0.34,
    0.315,
    0.355,
    0.345,
    0.29,
    0.295,
    0.315,
    0.365,
    0.33,
    0.325,
    0.3,
    0.34,
    0.35,
    0.34,
    0.335,
    0.32,
    0.32,
    0.4,
    0.335,
    0.365,
    0.36,
    0.335,
    0.355,
    0.33,
    0.34,
    0.325,
    0.335,
    0.34,
    0.35,
    0.35,
    0.35,
    0.35,
    0.35,
    0.32,
    0.35,
    0.35,
    0.4,
    0.335,
    0.365,
    0.345,
    0.345,
    0.37,
    0.365,
    0.395,
    0.365,
    0.335,
    0.36,
    0.32,
    0.375,
    0.375,
    0.345,
    0.345,
    0.345,
    0.375,
    0.34,
    0.345,
    0.33,
    0.315,
    0.34,
    0.375,
    0.355,
    0.315,
    0.325,
    0.335,
    0.32,
    0.335,
    0.395,
    0.33,
    0.425,
    0.33,
    0.355,
    0.355,
    0.345,
    0.335,
    0.36,
    0.355,
    0.355,
    0.355,
    0.365,
    0.38,
    0.35,
    0.36,
    0.315,
    0.31,
    0.35,
    0.385,
    0.365,
    0.335,
    0.36,
    0.365,
    0.33,
    0.355,
    0.335,
    0.38,
    0.375,
    0.325,
    0.39,
    0.375,
    0.345,
    0.34,
    0.35,
    0.35,
    0.325,
    0.365,
    0.395,
    0.35,
    0.33,
    0.39,
    0.33,
    0.365,
    0.365,
    0.325,
    0.36,
    0.385,
    0.36,
    0.295,
    0.375,
    0.38,
    0.335,
    0.325,
    0.37,
    0.335,
    0.37,
    0.37,
    0.345,
    0.33,
    0.35,
    0.33,
    0.315,
    0.36,
    0.385,
    0.32,
    0.38,
    0.35,
    0.36,
    0.35,
    0.335,
    0.345,
    0.335,
    0.37,
    0.345,
    0.355,
    0.375,
    0.345,
    0.32,
    0.32,
    0.345,
    0.35,
    0.33,
    0.385,
    0.335,
    0.37,
    0.315,
    0.33,
    0.37,
    0.34,
    0.385,
    0.35,
    0.36,
    0.32,
    0.385,
    0.335,
    0.34,
    0.33,
    0.345,
    0.335,
    0.365,
    0.34,
    0.35,
    0.38,
    0.34,
    0.31,
    0.315,
    0.36,
    0.32,
    0.33,
    0.365,
    0.315,
    0.38,
    0.315,
    0.32,
    0.34,
    0.37,
    0.365,
    0.365,
    0.37,
    0.355,
    0.365,
    0.385,
    0.35,
    0.35,
    0.335,
    0.345,
    0.355,
    0.335,
    0.345,
    0.335,
    0.375,
    0.345,
    0.36,
    0.36,
    0.355,
    0.345,
    0.325,
    0.345,
    0.36,
    0.33,
    0.345,
    0.35,
    0.35,
    0.34,
    0.32,
    0.345,
    0.345,
    0.335,
    0.365,
    0.345,
    0.385,
    0.35,
    0.325,
    0.35,
    0.335,
    0.345,
    0.35,
    0.34,
    0.32,
    0.365,
    0.315,
    0.385,
    0.34,
    0.375,
    0.31,
    0.36,
    0.3,
    0.34,
    0.35,
    0.33,
    0.365,
    0.365,
    0.335,
    0.33,
    0.335,
    0.37,
    0.385,
    0.365,
    0.33,
    0.34,
    0.385,
    0.35,
    0.345,
    0.32,
    0.33,
    0.335,
    0.35,
    0.335,
    0.335,
    0.345,
    0.365,
    0.365,
    0.355,
    0.31,
    0.345,
    0.345,
    0.345,
    0.325,
    0.355,
    0.37,
    0.32,
    0.31,
    0.37
  ],
  "generations": 300,
  "opponent": "alphabeta",
  "opponent_depth": 2,
  "games_per_eval": 200
}