{
  "run_id": 14,
  "completed_at_utc": "2026-03-14T08:21:25Z",
  "best_win_rate": 0.28,
  "best_weights": [
    17.671697852792384,
    20.298420668849207,
    10.222699004994455,
    16.7442939151894,
    15.243489364616725,
    38.50924391331802,
    12.954315344637184,
    -6.136498995219409,
    6.331840372821955,
    15.875721928592947,
    -5.19071646243753,
    -25.21924579697095,
    2.918911913241067,
    12.435298970559458
  ],
  "fitness_log": [
    0.255,
    0.255,
    0.26,
    0.29,
    0.26,
    0.295,
    0.25,
    0.295,
    0.3,
    0.305,
    0.275,
    0.35,
    0.305,
    0.315,
    0.305,
    0.325,
    0.355,
    0.345,
    0.315,
    0.32,
    0.345,
    0.355,
    0.36,
    0.33,
    0.335,
    0.345,
    0.32,
    0.305,
    0.34,
    0.33,
    0.31,
    0.31,
    0.355,
    0.345,
    0.315,
    0.325,
    0.345,
    0.325,
    0.315,
    0.355,
    0.34,
    0.34,
    0.32,
    0.34,
    0.33,
    0.295,
    0.345,
    0.315,
    0.33,
    0.33,
    0.36,
    0.35,
    0.33,
    0.34,
    0.325,
    0.32,
    0.355,
    0.35,
    0.3,
    0.405,
    0.36,
    0.405,
    0.355,
    0.325,
    0.325,
    0.35,
    0.32,
    0.33,
    0.325,
    0.325,
    0.34,
    0.345,
    0.34,
    0.31,
    0.325,
    0.34,
    0.35,
    0.35,
    0.43,
    0.345,
    0.325,
    0.345,
    0.335,
    0.32,
    0.38,
    0.335,
    0.33,
    0.355,
    0.35,
    0.34,
    0.335,
    0.335,
    0.32,
    0.395,
    0.365,
    0.365,
    0.385,
    0.34,
    0.355,
    0.32,
    0.36,
    0.315,
    0.365,
    0.355,
    0.37,
    0.34,
    0.355,
    0.37,
    0.35,
    0.335,
    0.33,
    0.355,
    0.36,
    0.35,
    0.33,
    0.305,
    0.325,
    0.325,
    0.355,
    0.345,
    0.335,
    0.325,
    0.32,
    0.39,
    0.34,
    0.345,
    0.325,
    0.33,
    0.33,
    0.355,
    0.34,
    0.305,
    0.37,
    0.36,
    0.325,
    0.335,
    0.355,
    0.375,
    0.34,
    0.33,
    0.34,
    0.34,
    0.355,
    0.355,
    0.35,
    0.335,
    0.36,
    0.36,
    0.335,
    0.34,
    0.36,
    0.305,
    0.355,
    0.34,
    0.37,
    0.315,
    0.365,
    0.335,
    0.33,
    0.34,
    0.395,
    0.365,
    0.34,
    0.35,
    0.33,
    0.34,
    0.345,
    0.39,
    0.37,
    0.33,
    0.335,
    0.32,
    0.32,
    0.335,
    0.335,
    0.375,
    0.34,
    0.365,
    0.35,
    0.36,
    0.32,
    0.345,
    0.345,
    0.325,
    0.335,
    0.33,
    0.33,
    0.35,
    0.36,
    0.34,
    0.34,
    0.33,
    0.35,
    0.33,
    0.305,
    0.35,
    0.325,
    0.34,
    0.39,
    0.35,
    0.315,
    0.325,
    0.335,
    0.365,
    0.345,
    0.365,
    0.33,
    0.315,
    0.355,
    0.325,
    0.365,
    0.325,
    0.34,
    0.35,
    0.295,
    0.345,
    0.325,
    0.32,
    0.315,
    0.32,
    0.36,
    0.34,
    0.325,
    0.365,
    0.34,
    0.32,
    0.32,
    0.355,
    0.33,
    0.36,
    0.34,
    0.35,
    0.34,
    0.32,
    0.41,
    0.345,
    0.365,
    0.35,
    0.405,
    0.33,
    0.33,
    0.32,
    0.325,
    0.335,
    0.355,
    0.35,
    0.345,
    0.335,
    0.36,
    0.33,
    0.355,
    0.335,
    0.335,
    0.37,
    0.34,
    0.35,
    0.39,
    0.35,
    0.355,
    0.38,
    0.32,
    0.35,
    0.345,
    0.32,
    0.37,
    0.345,
    0.38,
    0.325,
    0.31,
    0.31,
    0.36,
    0.325,
    0.33,
    0.35,
    0.355,
    0.365,
    0.31,
    0.355,
    0.35,
    0.345,
    0.32,
    0.31,
    0.41,
    0.325,
    0.38,
    0.365,
    0.34,
    0.39,
    0.365,
    0.38,
    0.39,
    0.345,
    0.355,
    0.34,
    0.37,
    0.36,
    0.38,
    0.365,
    0.34,
    0.37
  ],
  "generations": 300,
  "opponent": "alphabeta",
  "opponent_depth": 2,
  "games_per_eval": 200
}