{
  "run_id": 12,
  "completed_at_utc": "2026-03-14T08:19:43Z",
  "best_win_rate": 0.345,
  "best_weights": [
    7.387632066944761,
    10.178980387224923,
    9.966771345971072,
    -26.99877929367098,
    9.677438072836473,
    23.50176256200069,
    22.08823382805887,
    5.212696689903465,
    2.0343487475929503,
    16.803796079664657,
    -19.115468943695216,
    3.6500480555309567,
    10.042436539479596,
    24.126468685429483
  ],
  "fitness_log": [
    0.205,
    0.25,
    0.23,
    0.245,
    0.305,
    0.3,
    0.33,
    0.28,
    0.25,
    0.285,
    0.275,
    0.29,
    0.37,
    0.31,
    0.295,
    0.305,
    0.33,
    0.32,
    0.32,
    0.34,
    0.35,
    0.315,
    0.345,
    0.315,
    0.32,
    0.335,
    0.315,
    0.31,
    0.34,
    0.365,
    0.345,
    0.33,
    0.32,
    0.37,
    0.33,
    0.32,
    0.325,
    0.365,
    0.355,
    0.365,
    0.315,
    0.39,
    0.325,
    0.37,
    0.375,
    0.335,
    0.33,
    0.36,
    0.335,
    0.315,
    0.315,
    0.34,
    0.37,
    0.32,
    0.335,
    0.36,
    0.365,
    0.315,
    0.34,
    0.375,
    0.37,
    0.335,
    0.385,
    0.355,
    0.36,
    0.33,
    0.37,
    0.335,
    0.395,
    0.36,
    0.36,
    0.355,
    0.335,
    0.36,
    0.34,
    0.35,
    0.38,
    0.33,
    0.34,
    0.39,
    0.4,
    0.37,
    0.355,
    0.37,
    0.36,
    0.34,
    0.33,
    0.325,
    0.36,
    0.32,
    0.355,
    0.33,
    0.325,
    0.35,
    0.345,
    0.32,
    0.345,
    0.325,
    0.34,
    0.35,
    0.38,
    0.345,
    0.36,
    0.385,
    0.355,
    0.35,
    0.345,
    0.355,
    0.335,
    0.35,
    0.36,
    0.345,
    0.415,
    0.35,
    0.33,
    0.355,
    0.37,
    0.385,
    0.34,
    0.34,
    0.355,
    0.325,
    0.305,
    0.305,
    0.34,
    0.355,
    0.325,
    0.355,
    0.315,
    0.28,
    0.345,
    0.35,
    0.34,
    0.305,
    0.34,
    0.365,
    0.34,
    0.315,
    0.3,
    0.31,
    0.345,
    0.345,
    0.35,
    0.375,
    0.355,
    0.365,
    0.32,
    0.345,
    0.345,
    0.335,
    0.345,
    0.345,
    0.335,
    0.36,
    0.33,
    0.355,
    0.39,
    0.385,
    0.335,
    0.37,
    0.34,
    0.37,
    0.4,
    0.33,
    0.36,
    0.35,
    0.365,
    0.345,
    0.34,
    0.345,
    0.375,
    0.38,
    0.4,
    0.33,
    0.35,
    0.395,
    0.35,
    0.34,
    0.33,
    0.36,
    0.335,
    0.365,
    0.385,
    0.41,
    0.38,
    0.35,
    0.415,
    0.335,
    0.35,
    0.33,
    0.395,
    0.35,
    0.37,
    0.37,
    0.35,
    0.355,
    0.335,
    0.36,
    0.355,
    0.375,
    0.345,
    0.395,
    0.375,
    0.335,
    0.34,
    0.32,
    0.32,
    0.36,
    0.335,
    0.345,
    0.315,
    0.38,
    0.365,
    0.34,
    0.4,
    0.35,
    0.355,
    0.37,
    0.36,
    0.315,
    0.38,
    0.34,
    0.335,
    0.36,
    0.345,
    0.385,
    0.385,
    0.355,
    0.355,
    0.335,
    0.37,
    0.33,
    0.365,
    0.415,
    0.34,
    0.345,
    0.35,
    0.39,
    0.385,
    0.35,
    0.38,
    0.385,
    0.375,
    0.345,
    0.33,
    0.36,
    0.45,
    0.335,
    0.35,
    0.365,
    0.38,
    0.355,
    0.345,
    0.37,
    0.36,
    0.36,
    0.37,
    0.355,
    0.365,
    0.36,
    0.355,
    0.38,
    0.4,
    0.355,
    0.34,
    0.38,
    0.35,
    0.355,
    0.39,
    0.375,
    0.36,
    0.35,
    0.345,
    0.34,
    0.37,
    0.36,
    0.375,
    0.365,
    0.35,
    0.32,
    0.33,
    0.355,
    0.365,
    0.355,
    0.33,
    0.325,
    0.365,
    0.35,
    0.365,
    0.33,
    0.385,
    0.36,
    0.35,
    0.375,
    0.375,
    0.35,
    0.405,
    0.35,
    0.34,
    0.335
  ],
  "generations": 300,
  "opponent": "alphabeta",
  "opponent_depth": 2,
  "games_per_eval": 200
}