{
  "run_id": 5,
  "completed_at_utc": "2026-03-14T09:21:13Z",
  "best_win_rate": 0.245,
  "best_weights": [
    9.507516848802458,
    1.016115310471011,
    7.635646455736869,
    11.155357249770557,
    16.998839752583763,
    12.697668442664122,
    33.84866527867772,
    3.057869240148017,
    3.6917616301144682,
    15.954763406368963,
    -5.785085271836316,
    6.208746598651375,
    -11.87952346818347,
    1.4707556217205946
  ],
  "fitness_log": [
    0.265,
    0.205,
    0.23,
    0.225,
    0.28,
    0.285,
    0.26,
    0.28,
    0.245,
    0.275,
    0.265,
    0.32,
    0.3,
    0.32,
    0.37,
    0.305,
    0.3,
    0.355,
    0.355,
    0.35,
    0.29,
    0.315,
    0.33,
    0.34,
    0.32,
    0.29,
    0.32,
    0.32,
    0.35,
    0.32,
    0.35,
    0.305,
    0.315,
    0.335,
    0.33,
    0.325,
    0.32,
    0.33,
    0.315,
    0.325,
    0.36,
    0.315,
    0.33,
    0.33,
    0.355,
    0.295,
    0.305,
    0.325,
    0.315,
    0.315,
    0.305,
    0.32,
    0.305,
    0.32,
    0.355,
    0.35,
    0.36,
    0.36,
    0.3,
    0.315,
    0.325,
    0.31,
    0.32,
    0.32,
    0.3,
    0.34,
    0.34,
    0.37,
    0.31,
    0.31,
    0.335,
    0.345,
    0.315,
    0.34,
    0.31,
    0.34,
    0.32,
    0.325,
    0.34,
    0.305,
    0.32,
    0.31,
    0.285,
    0.32,
    0.29,
    0.32,
    0.35,
    0.35,
    0.325,
    0.32,
    0.315,
    0.32,
    0.34,
    0.325,
    0.325,
    0.32,
    0.335,
    0.36,
    0.34,
    0.315,
    0.315,
    0.335,
    0.34,
    0.315,
    0.31,
    0.34,
    0.34,
    0.325,
    0.33,
    0.305,
    0.335,
    0.365,
    0.335,
    0.315,
    0.33,
    0.32,
    0.32,
    0.365,
    0.27,
    0.34,
    0.32,
    0.35,
    0.375,
    0.375,
    0.395,
    0.375,
    0.37,
    0.3,
    0.335,
    0.32,
    0.34,
    0.36,
    0.32,
    0.31,
    0.325,
    0.33,
    0.345,
    0.345,
    0.35,
    0.37,
    0.33,
    0.345,
    0.34,
    0.325,
    0.345,
    0.355,
    0.38,
    0.34,
    0.365,
    0.345,
    0.335,
    0.34,
    0.345,
    0.325,
    0.385,
    0.38,
    0.35,
    0.335,
    0.385,
    0.36,
    0.365,
    0.35,
    0.345,
    0.345,
    0.39,
    0.375,
    0.325,
    0.315,
    0.34,
    0.385,
    0.325,
    0.315,
    0.37,
    0.39,
    0.35,
    0.34,
    0.36,
    0.33,
    0.36,
    0.34,
    0.335,
    0.335,
    0.325,
    0.35,
    0.385,
    0.33,
    0.34,
    0.365,
    0.335,
    0.345,
    0.34,
    0.355,
    0.345,
    0.335,
    0.365,
    0.355,
    0.34,
    0.36,
    0.33,
    0.395,
    0.365,
    0.36,
    0.375,
    0.35,
    0.315,
    0.335,
    0.335,
    0.34,
    0.325,
    0.39,
    0.335,
    0.35,
    0.31,
    0.345,
    0.305,
    0.365,
    0.365,
    0.375,
    0.34,
    0.34,
    0.355,
    0.355,
    0.335,
    0.38,
    0.32,
    0.355,
    0.365,
    0.325,
    0.31,
    0.34,
    0.325,
    0.35,
    0.365,
    0.335,
    0.34,
    0.375,
    0.335,
    0.315,
    0.375,
    0.36,
    0.325,
    0.325,
    0.35,
    0.385,
    0.365,
    0.305,
    0.335,
    0.325,
    0.39,
    0.37,
    0.35,
    0.36,
    0.33,
    0.315,
    0.37,
    0.36,
    0.375,
    0.345,
    0.335,
    0.345,
    0.365,
    0.335,
    0.355,
    0.33,
    0.34,
    0.385,
    0.3,
    0.345,
    0.335,
    0.38,
    0.38,
    0.35,
    0.335,
    0.32,
    0.38,
    0.34,
    0.315,
    0.345,
    0.35,
    0.315,
    0.38,
    0.33,
    0.365,
    0.345,
    0.325,
    0.355,
    0.32,
    0.36,
    0.33,
    0.325,
    0.34,
    0.35,
    0.325,
    0.335,
    0.365,
    0.35,
    0.325,
    0.335,
    0.32,
    0.345
  ],
  "generations": 300,
  "opponent": "alphabeta",
  "opponent_depth": 2,
  "games_per_eval": 200
}