{
  "run_id": 2,
  "best_win_rate": 0.6,
  "best_weights": [
    -2.537400957683327,
    0.8558873530994469,
    1.310001718248322,
    -4.738926865957927,
    5.186861695341433,
    1.4737679770051573,
    0.4741907985890308,
    6.8074246824869125,
    1.9900652847669578,
    -6.069559897328358,
    -2.713373751194008,
    -0.0416604250576571,
    4.643703615764743,
    7.058712779784858
  ],
  "fitness_log": [
    0.7,
    0.7,
    0.7,
    0.6,
    0.8,
    0.6,
    0.6,
    0.8,
    0.7,
    0.7,
    0.8,
    0.8,
    0.6,
    0.8,
    0.8,
    0.9,
    0.7,
    0.7,
    0.7,
    0.7,
    0.8,
    1.0,
    0.9,
    0.8,
    0.8,
    0.7,
    0.8,
    0.6,
    0.8,
    0.8,
    0.8,
    0.8,
    0.8,
    0.8,
    0.9,
    0.9,
    0.7,
    0.9,
    0.7,
    0.6,
    0.7,
    0.8,
    0.7,
    0.9,
    0.8,
    0.8,
    0.7,
    0.8,
    0.9,
    0.7,
    0.9,
    0.7,
    0.7,
    0.9,
    0.7,
    0.7,
    0.7,
    0.8,
    0.8,
    0.7,
    0.7,
    1.0,
    0.8,
    0.7,
    0.7,
    0.8,
    0.9,
    0.7,
    0.7,
    0.9,
    0.8,
    0.9,
    0.8,
    0.9,
    0.7,
    0.9,
    0.8,
    0.7,
    0.9,
    0.9,
    0.7,
    0.7,
    0.8,
    0.9,
    0.9,
    0.8,
    1.0,
    0.7,
    0.7,
    0.8
  ],
  "generations": 90,
  "opponent": "greedyvalue",
  "games_per_eval": 10
}