{
  "run_id": 18,
  "completed_at_utc": "2026-03-14T09:53:01Z",
  "best_win_rate": 0.315,
  "best_weights": [
    36.154951161466684,
    76.64322966066574,
    149.0765501939384,
    27.25784481660938,
    29.004006055745673,
    137.76644519695893,
    35.21990470880487,
    32.13989644100559,
    24.259502848565756,
    106.55343107512265,
    -10.96017707112405,
    -191.84742412155677,
    57.49559961339403,
    13.514365336032604
  ],
  "fitness_log": [
    0.21,
    0.235,
    0.24,
    0.25,
    0.28,
    0.31,
    0.34,
    0.315,
    0.31,
    0.32,
    0.295,
    0.3,
    0.325,
    0.355,
    0.31,
    0.305,
    0.27,
    0.33,
    0.29,
    0.29,
    0.325,
    0.33,
    0.33,
    0.295,
    0.32,
    0.305,
    0.365,
    0.31,
    0.31,
    0.335,
    0.325,
    0.32,
    0.33,
    0.345,
    0.36,
    0.39,
    0.39,
    0.335,
    0.36,
    0.355,
    0.305,
    0.355,
    0.35,
    0.31,
    0.34,
    0.33,
    0.34,
    0.35,
    0.355,
    0.315,
    0.325,
    0.35,
    0.34,
    0.345,
    0.335,
    0.38,
    0.38,
    0.37,
    0.34,
    0.37,
    0.335,
    0.32,
    0.345,
    0.315,
    0.335,
    0.355,
    0.34,
    0.33,
    0.345,
    0.355,
    0.335,
    0.355,
    0.335,
    0.385,
    0.355,
    0.385,
    0.34,
    0.375,
    0.32,
    0.36,
    0.365,
    0.37,
    0.335,
    0.35,
    0.355,
    0.35,
    0.34,
    0.35,
    0.35,
    0.335,
    0.325,
    0.365,
    0.365,
    0.33,
    0.36,
    0.345,
    0.33,
    0.355,
    0.37,
    0.33,
    0.32,
    0.37,
    0.355,
    0.365,
    0.35,
    0.345,
    0.36,
    0.39,
    0.355,
    0.36,
    0.345,
    0.375,
    0.345,
    0.35,
    0.385,
    0.375,
    0.365,
    0.355,
    0.33,
    0.335,
    0.345,
    0.33,
    0.36,
    0.36,
    0.325,
    0.34,
    0.365,
    0.335,
    0.39,
    0.36,
    0.315,
    0.335,
    0.365,
    0.37,
    0.37,
    0.34,
    0.355,
    0.33,
    0.365,
    0.35,
    0.36,
    0.355,
    0.36,
    0.335,
    0.345,
    0.355,
    0.375,
    0.365,
    0.36,
    0.33,
    0.355,
    0.385,
    0.355,
    0.37,
    0.4,
    0.37,
    0.36,
    0.365,
    0.34,
    0.33,
    0.365,
    0.315,
    0.385,
    0.36,
    0.345,
    0.38,
    0.395,
    0.35,
    0.375,
    0.325,
    0.355,
    0.335,
    0.395,
    0.36,
    0.355,
    0.37,
    0.355,
    0.345,
    0.365,
    0.335,
    0.35,
    0.345,
    0.31,
    0.34,
    0.35,
    0.355,
    0.35,
    0.36,
    0.34,
    0.38,
    0.37,
    0.37,
    0.33,
    0.36,
    0.34,
    0.335,
    0.35,
    0.365,
    0.365,
    0.4,
    0.325,
    0.32,
    0.335,
    0.36,
    0.365,
    0.33,
    0.325,
    0.345,
    0.34,
    0.36,
    0.345,
    0.35,
    0.355,
    0.335,
    0.345,
    0.35,
    0.39,
    0.33,
    0.375,
    0.345,
    0.335,
    0.355,
    0.345,
    0.37,
    0.335,
    0.33,
    0.385,
    0.33,
    0.385,
    0.37,
    0.35,
    0.345,
    0.32,
    0.385,
    0.35,
    0.365,
    0.37,
    0.35,
    0.32,
    0.365,
    0.315,
    0.365,
    0.36,
    0.325,
    0.33,
    0.35,
    0.35,
    0.37,
    0.37,
    0.355,
    0.315,
    0.345,
    0.34,
    0.375,
    0.37,
    0.365,
    0.36,
    0.345,
    0.335,
    0.385,
    0.34,
    0.35,
    0.335,
    0.36,
    0.36,
    0.385,
    0.355,
    0.32,
    0.315,
    0.345,
    0.345,
    0.35,
    0.39,
    0.385,
    0.305,
    0.31,
    0.34,
    0.335,
    0.35,
    0.325,
    0.35,
    0.34,
    0.36,
    0.36,
    0.35,
    0.35,
    0.4,
    0.34,
    0.33,
    0.35,
    0.395,
    0.335,
    0.345,
    0.38,
    0.37,
    0.335,
    0.355,
    0.35,
    0.34,
    0.37
  ],
  "generations": 300,
  "opponent": "alphabeta",
  "opponent_depth": 2,
  "games_per_eval": 200
}