{
  "run_id": 10,
  "completed_at_utc": "2026-03-14T09:30:16Z",
  "best_win_rate": 0.24,
  "best_weights": [
    17.045520524326104,
    4.4168984327057945,
    -14.575549427787745,
    17.084496837951782,
    16.883020185438937,
    21.136887734880588,
    19.16318773917576,
    15.51969591138554,
    -18.31220455940704,
    9.247647937121018,
    1.5214776361744367,
    11.70856609423487,
    -14.100195606360543,
    -8.844501593125646
  ],
  "fitness_log": [
    0.23,
    0.24,
    0.275,
    0.32,
    0.32,
    0.33,
    0.285,
    0.275,
    0.29,
    0.34,
    0.28,
    0.31,
    0.29,
    0.295,
    0.305,
    0.315,
    0.28,
    0.26,
    0.285,
    0.315,
    0.28,
    0.285,
    0.27,
    0.295,
    0.27,
    0.31,
    0.3,
    0.33,
    0.29,
    0.31,
    0.29,
    0.285,
    0.3,
    0.295,
    0.305,
    0.34,
    0.31,
    0.305,
    0.285,
    0.305,
    0.275,
    0.31,
    0.275,
    0.26,
    0.275,
    0.295,
    0.265,
    0.315,
    0.295,
    0.28,
    0.275,
    0.285,
    0.335,
    0.27,
    0.29,
    0.325,
    0.3,
    0.315,
    0.32,
    0.27,
    0.3,
    0.285,
    0.29,
    0.31,
    0.28,
    0.285,
    0.3,
    0.265,
    0.3,
    0.295,
    0.3,
    0.28,
    0.29,
    0.285,
    0.29,
    0.275,
    0.345,
    0.325,
    0.315,
    0.325,
    0.295,
    0.33,
    0.32,
    0.315,
    0.295,
    0.29,
    0.285,
    0.305,
    0.28,
    0.3,
    0.305,
    0.315,
    0.305,
    0.305,
    0.32,
    0.3,
    0.295,
    0.305,
    0.375,
    0.315,
    0.315,
    0.285,
    0.3,
    0.3,
    0.315,
    0.315,
    0.32,
    0.32,
    0.305,
    0.315,
    0.33,
    0.305,
    0.31,
    0.31,
    0.33,
    0.305,
    0.37,
    0.32,
    0.33,
    0.355,
    0.305,
    0.3,
    0.295,
    0.375,
    0.31,
    0.325,
    0.32,
    0.3,
    0.335,
    0.34,
    0.295,
    0.31,
    0.31,
    0.335,
    0.35,
    0.335,
    0.35,
    0.3,
    0.33,
    0.315,
    0.32,
    0.325,
    0.315,
    0.305,
    0.32,
    0.305,
    0.345,
    0.32,
    0.325,
    0.31,
    0.305,
    0.325,
    0.315,
    0.315,
    0.315,
    0.33,
    0.3,
    0.32,
    0.34,
    0.325,
    0.315,
    0.295,
    0.345,
    0.315,
    0.275,
    0.295,
    0.3,
    0.295,
    0.285,
    0.33,
    0.3,
    0.295,
    0.31,
    0.305,
    0.275,
    0.28,
    0.32,
    0.33,
    0.315,
    0.335,
    0.3,
    0.3,
    0.325,
    0.32,
    0.305,
    0.295,
    0.295,
    0.295,
    0.315,
    0.33,
    0.29,
    0.31,
    0.34,
    0.3,
    0.345,
    0.34,
    0.325,
    0.305,
    0.31,
    0.35,
    0.32,
    0.32,
    0.3,
    0.31,
    0.325,
    0.295,
    0.335,
    0.285,
    0.28,
    0.3,
    0.305,
    0.32,
    0.33,
    0.335,
    0.31,
    0.3,
    0.3,
    0.33,
    0.315,
    0.34,
    0.295,
    0.32,
    0.295,
    0.3,
    0.315,
    0.32,
    0.295,
    0.315,
    0.285,
    0.31,
    0.31,
    0.325,
    0.305,
    0.325,
    0.335,
    0.305,
    0.275,
    0.295,
    0.31,
    0.3,
    0.32,
    0.3,
    0.33,
    0.325,
    0.27,
    0.32,
    0.315,
    0.31,
    0.315,
    0.305,
    0.31,
    0.3,
    0.3,
    0.315,
    0.315,
    0.33,
    0.345,
    0.3,
    0.3,
    0.32,
    0.29,
    0.335,
    0.35,
    0.285,
    0.31,
    0.315,
    0.295,
    0.31,
    0.295,
    0.32,
    0.32,
    0.295,
    0.3,
    0.31,
    0.33,
    0.325,
    0.3,
    0.31,
    0.305,
    0.355,
    0.33,
    0.3,
    0.335,
    0.31,
    0.31,
    0.34,
    0.285,
    0.295,
    0.29,
    0.34,
    0.31,
    0.31,
    0.33,
    0.28,
    0.305,
    0.345,
    0.295,
    0.3,
    0.33,
    0.34
  ],
  "generations": 300,
  "opponent": "alphabeta",
  "opponent_depth": 2,
  "games_per_eval": 200
}