{
  "run_id": 9,
  "best_win_rate": 0.4,
  "best_weights": [
    -1.2544303081638999,
    1.6284759579330135,
    2.160361746744449,
    1.749173531658841,
    0.7348715741513236,
    2.2851005855745257,
    -0.3729742820287618,
    -0.2625647650247269,
    1.9861105932839316,
    -0.5991589815258292,
    0.40317817391395083,
    1.9318888187096555,
    -3.1176098518857693,
    -1.4826497068884623
  ],
  "fitness_log": [
    0.5,
    0.8,
    0.8,
    0.6,
    0.7,
    0.7,
    0.9,
    0.7,
    0.8,
    0.6,
    0.8,
    0.8,
    0.7,
    0.6,
    0.8,
    0.8,
    0.8,
    0.8,
    0.8,
    0.7,
    0.9,
    0.8,
    0.6,
    0.9,
    0.7,
    0.7,
    0.8,
    0.7,
    0.9,
    0.6,
    0.8,
    0.7,
    0.7,
    0.9,
    0.7,
    0.9,
    0.8,
    0.5,
    0.8,
    0.6,
    0.7,
    0.7,
    0.9,
    0.8,
    0.7,
    0.8,
    0.7,
    0.7,
    0.8,
    0.7,
    0.6,
    0.7,
    0.7,
    0.8,
    0.6,
    0.7,
    0.8,
    0.8,
    0.6,
    0.7,
    0.7,
    0.6,
    0.7,
    0.7,
    0.7,
    0.7,
    0.7,
    0.6,
    0.7,
    0.7,
    0.8,
    0.8,
    0.7,
    0.8,
    0.7,
    0.8,
    0.8,
    0.6,
    0.7,
    0.7,
    0.7,
    0.7,
    0.7,
    0.9,
    0.8,
    0.8,
    0.7,
    0.6,
    0.6,
    0.8
  ],
  "generations": 90,
  "opponent": "greedyvalue",
  "games_per_eval": 10
}