{
  "run_id": 19,
  "completed_at_utc": "2026-03-14T08:57:29Z",
  "best_win_rate": 0.265,
  "best_weights": [
    14.545109083683611,
    23.780748479708265,
    8.621295539006884,
    -0.7894965912126597,
    17.757387977737004,
    1.7444248086618643,
    25.933260784199998,
    -10.980856124010455,
    -19.505632933962964,
    8.028963332097565,
    -10.066820667397796,
    11.291659299503706,
    1.8489394480800139,
    12.587437017328499
  ],
  "fitness_log": [
    0.265,
    0.305,
    0.265,
    0.345,
    0.32,
    0.27,
    0.285,
    0.275,
    0.285,
    0.325,
    0.37,
    0.375,
    0.34,
    0.295,
    0.335,
    0.295,
    0.325,
    0.325,
    0.33,
    0.345,
    0.325,
    0.315,
    0.305,
    0.32,
    0.315,
    0.325,
    0.335,
    0.325,
    0.32,
    0.35,
    0.355,
    0.315,
    0.31,
    0.305,
    0.33,
    0.36,
    0.305,
    0.285,
    0.325,
    0.36,
    0.29,
    0.305,
    0.36,
    0.355,
    0.335,
    0.37,
    0.345,
    0.365,
    0.325,
    0.34,
    0.345,
    0.325,
    0.325,
    0.33,
    0.325,
    0.3,
    0.31,
    0.34,
    0.305,
    0.36,
    0.34,
    0.35,
    0.34,
    0.32,
    0.35,
    0.34,
    0.295,
    0.315,
    0.325,
    0.325,
    0.315,
    0.335,
    0.335,
    0.315,
    0.33,
    0.365,
    0.305,
    0.3,
    0.3,
    0.355,
    0.295,
    0.285,
    0.31,
    0.31,
    0.32,
    0.295,
    0.325,
    0.29,
    0.345,
    0.3,
    0.3,
    0.305,
    0.34,
    0.315,
    0.32,
    0.285,
    0.31,
    0.34,
    0.325,
    0.35,
    0.32,
    0.315,
    0.31,
    0.32,
    0.32,
    0.335,
    0.355,
    0.33,
    0.335,
    0.35,
    0.35,
    0.33,
    0.395,
    0.335,
    0.355,
    0.3,
    0.31,
    0.32,
    0.35,
    0.33,
    0.345,
    0.345,
    0.365,
    0.345,
    0.33,
    0.325,
    0.35,
    0.33,
    0.335,
    0.31,
    0.34,
    0.36,
    0.335,
    0.32,
    0.325,
    0.335,
    0.345,
    0.335,
    0.35,
    0.365,
    0.35,
    0.32,
    0.31,
    0.325,
    0.36,
    0.43,
    0.335,
    0.34,
    0.32,
    0.305,
    0.32,
    0.32,
    0.315,
    0.34,
    0.4,
    0.33,
    0.375,
    0.385,
    0.32,
    0.35,
    0.335,
    0.295,
    0.325,
    0.345,
    0.325,
    0.33,
    0.32,
    0.32,
    0.35,
    0.365,
    0.325,
    0.33,
    0.325,
    0.32,
    0.325,
    0.325,
    0.325,
    0.38,
    0.325,
    0.355,
    0.31,
    0.34,
    0.36,
    0.34,
    0.37,
    0.335,
    0.325,
    0.35,
    0.34,
    0.33,
    0.345,
    0.39,
    0.345,
    0.34,
    0.305,
    0.365,
    0.315,
    0.35,
    0.365,
    0.36,
    0.325,
    0.355,
    0.33,
    0.345,
    0.355,
    0.305,
    0.325,
    0.32,
    0.33,
    0.34,
    0.315,
    0.32,
    0.31,
    0.315,
    0.3,
    0.305,
    0.38,
    0.335,
    0.315,
    0.31,
    0.345,
    0.34,
    0.315,
    0.355,
    0.33,
    0.31,
    0.305,
    0.365,
    0.33,
    0.33,
    0.3,
    0.32,
    0.325,
    0.34,
    0.33,
    0.365,
    0.325,
    0.315,
    0.335,
    0.315,
    0.365,
    0.325,
    0.31,
    0.365,
    0.33,
    0.31,
    0.32,
    0.34,
    0.35,
    0.315,
    0.33,
    0.315,
    0.345,
    0.34,
    0.355,
    0.375,
    0.32,
    0.345,
    0.32,
    0.335,
    0.335,
    0.305,
    0.32,
    0.37,
    0.33,
    0.34,
    0.335,
    0.33,
    0.305,
    0.33,
    0.345,
    0.345,
    0.32,
    0.32,
    0.37,
    0.32,
    0.345,
    0.35,
    0.29,
    0.295,
    0.3,
    0.32,
    0.32,
    0.34,
    0.325,
    0.3,
    0.325,
    0.315,
    0.33,
    0.36,
    0.34,
    0.3,
    0.385,
    0.35,
    0.335,
    0.34,
    0.325,
    0.325,
    0.31,
    0.33
  ],
  "generations": 300,
  "opponent": "alphabeta",
  "opponent_depth": 2,
  "games_per_eval": 200
}