{
  "run_id": 2,
  "completed_at_utc": "2026-03-14T08:48:10Z",
  "best_win_rate": 0.345,
  "best_weights": [
    2.746233262512408,
    6.421509715075074,
    8.445253485167383,
    14.967231506740717,
    3.6915256330147592,
    12.43210604792769,
    21.526783191218104,
    5.706253154286663,
    15.968336072250755,
    5.387361840567468,
    -3.286506683848353,
    7.479335727156793,
    3.5828856491453767,
    8.495822797297736
  ],
  "fitness_log": [
    0.23,
    0.275,
    0.275,
    0.27,
    0.255,
    0.255,
    0.31,
    0.285,
    0.295,
    0.29,
    0.28,
    0.29,
    0.245,
    0.295,
    0.305,
    0.315,
    0.27,
    0.355,
    0.275,
    0.305,
    0.3,
    0.35,
    0.325,
    0.325,
    0.335,
    0.29,
    0.345,
    0.335,
    0.325,
    0.285,
    0.35,
    0.33,
    0.305,
    0.34,
    0.345,
    0.325,
    0.32,
    0.345,
    0.345,
    0.37,
    0.325,
    0.35,
    0.33,
    0.325,
    0.335,
    0.345,
    0.39,
    0.36,
    0.35,
    0.31,
    0.335,
    0.35,
    0.34,
    0.35,
    0.355,
    0.335,
    0.34,
    0.34,
    0.35,
    0.355,
    0.305,
    0.32,
    0.34,
    0.35,
    0.35,
    0.34,
    0.34,
    0.315,
    0.37,
    0.325,
    0.325,
    0.375,
    0.345,
    0.33,
    0.34,
    0.355,
    0.37,
    0.355,
    0.34,
    0.36,
    0.33,
    0.335,
    0.37,
    0.335,
    0.39,
    0.345,
    0.39,
    0.345,
    0.34,
    0.34,
    0.4,
    0.335,
    0.395,
    0.365,
    0.37,
    0.32,
    0.325,
    0.37,
    0.415,
    0.325,
    0.34,
    0.37,
    0.36,
    0.375,
    0.36,
    0.345,
    0.335,
    0.395,
    0.345,
    0.345,
    0.35,
    0.35,
    0.35,
    0.405,
    0.34,
    0.33,
    0.365,
    0.33,
    0.36,
    0.35,
    0.35,
    0.3,
    0.38,
    0.35,
    0.36,
    0.37,
    0.355,
    0.34,
    0.37,
    0.335,
    0.33,
    0.345,
    0.415,
    0.37,
    0.36,
    0.35,
    0.34,
    0.34,
    0.34,
    0.35,
    0.345,
    0.345,
    0.32,
    0.38,
    0.315,
    0.34,
    0.33,
    0.305,
    0.34,
    0.32,
    0.34,
    0.335,
    0.325,
    0.345,
    0.335,
    0.39,
    0.325,
    0.295,
    0.335,
    0.37,
    0.335,
    0.33,
    0.365,
    0.315,
    0.355,
    0.325,
    0.34,
    0.39,
    0.32,
    0.37,
    0.39,
    0.37,
    0.335,
    0.385,
    0.335,
    0.35,
    0.365,
    0.34,
    0.335,
    0.365,
    0.365,
    0.335,
    0.355,
    0.34,
    0.35,
    0.345,
    0.345,
    0.34,
    0.34,
    0.35,
    0.34,
    0.305,
    0.355,
    0.355,
    0.335,
    0.385,
    0.345,
    0.365,
    0.35,
    0.375,
    0.36,
    0.37,
    0.345,
    0.36,
    0.355,
    0.355,
    0.37,
    0.345,
    0.38,
    0.33,
    0.345,
    0.35,
    0.32,
    0.35,
    0.37,
    0.38,
    0.34,
    0.34,
    0.39,
    0.33,
    0.37,
    0.32,
    0.35,
    0.35,
    0.375,
    0.35,
    0.36,
    0.375,
    0.365,
    0.365,
    0.38,
    0.375,
    0.35,
    0.375,
    0.355,
    0.375,
    0.355,
    0.355,
    0.36,
    0.335,
    0.35,
    0.37,
    0.395,
    0.37,
    0.375,
    0.36,
    0.36,
    0.355,
    0.36,
    0.385,
    0.36,
    0.38,
    0.355,
    0.375,
    0.37,
    0.38,
    0.37,
    0.38,
    0.345,
    0.35,
    0.355,
    0.355,
    0.34,
    0.34,
    0.34,
    0.35,
    0.33,
    0.36,
    0.4,
    0.36,
    0.35,
    0.36,
    0.38,
    0.37,
    0.365,
    0.375,
    0.365,
    0.38,
    0.355,
    0.345,
    0.375,
    0.355,
    0.395,
    0.415,
    0.325,
    0.33,
    0.39,
    0.355,
    0.36,
    0.37,
    0.39,
    0.37,
    0.35,
    0.345,
    0.34,
    0.36,
    0.375,
    0.35,
    0.33,
    0.335
  ],
  "generations": 300,
  "opponent": "alphabeta",
  "opponent_depth": 2,
  "games_per_eval": 200
}