{
  "run_id": 4,
  "completed_at_utc": "2026-03-14T08:30:43Z",
  "best_win_rate": 0.345,
  "best_weights": [
    2.358633461810472,
    13.765998695462585,
    2.6442052645088214,
    4.037831543991247,
    5.187601930427534,
    9.571885645752177,
    25.163204194069827,
    9.000599334237865,
    -10.748324136196326,
    4.289057766905709,
    -9.20626713579748,
    10.090908509651188,
    -0.13333387206865044,
    0.8830421619674268
  ],
  "fitness_log": [
    0.19,
    0.315,
    0.305,
    0.305,
    0.305,
    0.315,
    0.28,
    0.29,
    0.28,
    0.255,
    0.285,
    0.3,
    0.255,
    0.3,
    0.315,
    0.29,
    0.295,
    0.3,
    0.295,
    0.31,
    0.345,
    0.32,
    0.31,
    0.35,
    0.31,
    0.28,
    0.32,
    0.28,
    0.31,
    0.27,
    0.335,
    0.305,
    0.265,
    0.255,
    0.335,
    0.34,
    0.315,
    0.295,
    0.34,
    0.35,
    0.31,
    0.36,
    0.28,
    0.32,
    0.34,
    0.33,
    0.355,
    0.32,
    0.325,
    0.305,
    0.32,
    0.3,
    0.365,
    0.31,
    0.34,
    0.305,
    0.31,
    0.365,
    0.305,
    0.31,
    0.315,
    0.335,
    0.335,
    0.3,
    0.35,
    0.355,
    0.3,
    0.33,
    0.325,
    0.32,
    0.315,
    0.32,
    0.295,
    0.335,
    0.355,
    0.33,
    0.3,
    0.355,
    0.315,
    0.305,
    0.29,
    0.335,
    0.33,
    0.31,
    0.345,
    0.33,
    0.3,
    0.315,
    0.325,
    0.33,
    0.33,
    0.28,
    0.32,
    0.335,
    0.35,
    0.285,
    0.345,
    0.325,
    0.315,
    0.285,
    0.32,
    0.35,
    0.325,
    0.32,
    0.305,
    0.355,
    0.34,
    0.3,
    0.31,
    0.315,
    0.36,
    0.35,
    0.31,
    0.31,
    0.32,
    0.31,
    0.305,
    0.305,
    0.29,
    0.33,
    0.335,
    0.325,
    0.31,
    0.33,
    0.34,
    0.325,
    0.33,
    0.3,
    0.3,
    0.325,
    0.32,
    0.31,
    0.315,
    0.33,
    0.355,
    0.305,
    0.37,
    0.28,
    0.345,
    0.32,
    0.31,
    0.32,
    0.305,
    0.305,
    0.3,
    0.325,
    0.34,
    0.3,
    0.31,
    0.315,
    0.36,
    0.305,
    0.31,
    0.29,
    0.325,
    0.315,
    0.325,
    0.29,
    0.315,
    0.35,
    0.335,
    0.325,
    0.3,
    0.325,
    0.3,
    0.325,
    0.335,
    0.325,
    0.345,
    0.32,
    0.35,
    0.285,
    0.305,
    0.36,
    0.33,
    0.295,
    0.345,
    0.325,
    0.31,
    0.32,
    0.295,
    0.3,
    0.33,
    0.32,
    0.325,
    0.33,
    0.315,
    0.32,
    0.33,
    0.325,
    0.36,
    0.335,
    0.305,
    0.325,
    0.355,
    0.325,
    0.325,
    0.38,
    0.32,
    0.33,
    0.32,
    0.325,
    0.385,
    0.32,
    0.34,
    0.35,
    0.34,
    0.36,
    0.37,
    0.34,
    0.37,
    0.305,
    0.33,
    0.35,
    0.375,
    0.38,
    0.375,
    0.36,
    0.355,
    0.3,
    0.33,
    0.4,
    0.345,
    0.295,
    0.305,
    0.32,
    0.35,
    0.33,
    0.315,
    0.345,
    0.37,
    0.32,
    0.325,
    0.305,
    0.345,
    0.325,
    0.355,
    0.33,
    0.305,
    0.31,
    0.345,
    0.335,
    0.355,
    0.355,
    0.31,
    0.305,
    0.335,
    0.36,
    0.32,
    0.325,
    0.325,
    0.33,
    0.31,
    0.305,
    0.33,
    0.335,
    0.34,
    0.315,
    0.345,
    0.335,
    0.335,
    0.355,
    0.36,
    0.34,
    0.315,
    0.335,
    0.365,
    0.295,
    0.345,
    0.34,
    0.34,
    0.36,
    0.38,
    0.34,
    0.31,
    0.355,
    0.315,
    0.33,
    0.33,
    0.305,
    0.34,
    0.345,
    0.335,
    0.345,
    0.335,
    0.39,
    0.315,
    0.3,
    0.355,
    0.31,
    0.34,
    0.34,
    0.315,
    0.335,
    0.35,
    0.335,
    0.35,
    0.355,
    0.375,
    0.34
  ],
  "generations": 300,
  "opponent": "alphabeta",
  "opponent_depth": 2,
  "games_per_eval": 200
}