{
  "run_id": 7,
  "completed_at_utc": "2026-03-14T10:27:12Z",
  "best_win_rate": 0.295,
  "best_weights": [
    2.3551017938965297,
    12.873642924195236,
    10.260484147278492,
    -4.204304521162829,
    4.611920005059829,
    8.314871880809056,
    2.365807281471987,
    3.8551657576786393,
    15.935579930083554,
    -3.779905420081329,
    -2.939868611022146,
    2.721765139606118,
    5.813883130461916,
    1.3416216301630357
  ],
  "fitness_log": [
    0.22,
    0.245,
    0.275,
    0.29,
    0.285,
    0.3,
    0.29,
    0.305,
    0.275,
    0.295,
    0.32,
    0.33,
    0.325,
    0.33,
    0.335,
    0.305,
    0.31,
    0.335,
    0.31,
    0.325,
    0.325,
    0.345,
    0.33,
    0.36,
    0.34,
    0.335,
    0.335,
    0.31,
    0.325,
    0.31,
    0.315,
    0.31,
    0.335,
    0.335,
    0.32,
    0.295,
    0.32,
    0.34,
    0.33,
    0.325,
    0.34,
    0.305,
    0.355,
    0.3,
    0.36,
    0.345,
    0.37,
    0.3,
    0.315,
    0.325,
    0.32,
    0.39,
    0.35,
    0.325,
    0.325,
    0.305,
    0.33,
    0.355,
    0.31,
    0.32,
    0.35,
    0.32,
    0.315,
    0.305,
    0.32,
    0.315,
    0.33,
    0.355,
    0.325,
    0.33,
    0.325,
    0.365,
    0.315,
    0.325,
    0.365,
    0.345,
    0.335,
    0.425,
    0.345,
    0.365,
    0.315,
    0.32,
    0.325,
    0.34,
    0.3,
    0.305,
    0.295,
    0.36,
    0.355,
    0.36,
    0.32,
    0.3,
    0.34,
    0.335,
    0.305,
    0.35,
    0.305,
    0.33,
    0.32,
    0.335,
    0.32,
    0.355,
    0.315,
    0.3,
    0.33,
    0.325,
    0.33,
    0.325,
    0.345,
    0.325,
    0.33,
    0.32,
    0.32,
    0.34,
    0.39,
    0.33,
    0.315,
    0.34,
    0.345,
    0.36,
    0.32,
    0.31,
    0.32,
    0.36,
    0.315,
    0.305,
    0.31,
    0.335,
    0.3,
    0.3,
    0.37,
    0.345,
    0.32,
    0.335,
    0.33,
    0.325,
    0.32,
    0.3,
    0.34,
    0.355,
    0.34,
    0.315,
    0.335,
    0.32,
    0.32,
    0.33,
    0.34,
    0.325,
    0.3,
    0.36,
    0.305,
    0.32,
    0.315,
    0.34,
    0.34,
    0.36,
    0.335,
    0.315,
    0.345,
    0.35,
    0.325,
    0.33,
    0.325,
    0.36,
    0.365,
    0.335,
    0.345,
    0.33,
    0.35,
    0.365,
    0.355,
    0.35,
    0.355,
    0.36,
    0.315,
    0.34,
    0.3,
    0.325,
    0.36,
    0.335,
    0.32,
    0.32,
    0.325,
    0.305,
    0.335,
    0.315,
    0.32,
    0.33,
    0.345,
    0.355,
    0.325,
    0.34,
    0.325,
    0.31,
    0.325,
    0.315,
    0.32,
    0.35,
    0.3,
    0.315,
    0.36,
    0.385,
    0.315,
    0.325,
    0.35,
    0.315,
    0.31,
    0.335,
    0.315,
    0.3,
    0.32,
    0.37,
    0.33,
    0.33,
    0.37,
    0.37,
    0.345,
    0.315,
    0.355,
    0.3,
    0.33,
    0.335,
    0.34,
    0.35,
    0.315,
    0.34,
    0.315,
    0.35,
    0.325,
    0.335,
    0.345,
    0.345,
    0.3,
    0.29,
    0.36,
    0.325,
    0.29,
    0.33,
    0.285,
    0.325,
    0.32,
    0.32,
    0.295,
    0.315,
    0.315,
    0.325,
    0.31,
    0.305,
    0.3,
    0.315,
    0.32,
    0.325,
    0.345,
    0.365,
    0.355,
    0.34,
    0.35,
    0.33,
    0.335,
    0.345,
    0.385,
    0.31,
    0.345,
    0.315,
    0.345,
    0.305,
    0.355,
    0.35,
    0.375,
    0.33,
    0.315,
    0.305,
    0.34,
    0.325,
    0.36,
    0.32,
    0.335,
    0.325,
    0.32,
    0.345,
    0.35,
    0.36,
    0.335,
    0.355,
    0.315,
    0.38,
    0.375,
    0.35,
    0.345,
    0.35,
    0.3,
    0.355,
    0.33,
    0.325,
    0.33,
    0.345,
    0.345,
    0.335,
    0.355,
    0.375
  ],
  "generations": 300,
  "opponent": "alphabeta",
  "opponent_depth": 2,
  "games_per_eval": 200
}