{
  "run_id": 25,
  "completed_at_utc": "2026-03-14T10:42:44Z",
  "best_win_rate": 0.325,
  "best_weights": [
    2.19805732284106,
    9.018592672977656,
    -22.95631005208563,
    10.269427229895472,
    17.636525189130136,
    11.58816703424717,
    12.225933884394395,
    10.033297943122001,
    16.333869183108444,
    -12.221412451937768,
    9.06799528452116,
    17.97377977685117,
    -0.034346942114655,
    4.342252473031722
  ],
  "fitness_log": [
    0.195,
    0.25,
    0.265,
    0.2,
    0.26,
    0.295,
    0.28,
    0.32,
    0.3,
    0.34,
    0.315,
    0.335,
    0.28,
    0.285,
    0.365,
    0.31,
    0.345,
    0.3,
    0.32,
    0.29,
    0.295,
    0.315,
    0.325,
    0.355,
    0.325,
    0.32,
    0.29,
    0.3,
    0.36,
    0.32,
    0.34,
    0.305,
    0.3,
    0.3,
    0.3,
    0.315,
    0.365,
    0.31,
    0.335,
    0.36,
    0.325,
    0.315,
    0.345,
    0.3,
    0.3,
    0.305,
    0.28,
    0.29,
    0.31,
    0.31,
    0.335,
    0.315,
    0.345,
    0.31,
    0.315,
    0.315,
    0.3,
    0.315,
    0.3,
    0.365,
    0.29,
    0.305,
    0.315,
    0.33,
    0.335,
    0.29,
    0.31,
    0.375,
    0.305,
    0.34,
    0.35,
    0.29,
    0.315,
    0.345,
    0.32,
    0.315,
    0.32,
    0.33,
    0.325,
    0.32,
    0.335,
    0.345,
    0.32,
    0.345,
    0.345,
    0.33,
    0.325,
    0.35,
    0.355,
    0.3,
    0.36,
    0.345,
    0.335,
    0.345,
    0.3,
    0.315,
    0.31,
    0.35,
    0.31,
    0.34,
    0.355,
    0.295,
    0.315,
    0.33,
    0.295,
    0.315,
    0.345,
    0.325,
    0.33,
    0.295,
    0.315,
    0.31,
    0.31,
    0.33,
    0.295,
    0.345,
    0.32,
    0.31,
    0.325,
    0.385,
    0.34,
    0.315,
    0.31,
    0.35,
    0.33,
    0.375,
    0.32,
    0.31,
    0.295,
    0.33,
    0.35,
    0.315,
    0.34,
    0.38,
    0.335,
    0.315,
    0.345,
    0.32,
    0.34,
    0.345,
    0.315,
    0.315,
    0.34,
    0.345,
    0.355,
    0.355,
    0.32,
    0.335,
    0.3,
    0.315,
    0.34,
    0.33,
    0.32,
    0.31,
    0.34,
    0.355,
    0.305,
    0.335,
    0.35,
    0.33,
    0.33,
    0.325,
    0.305,
    0.305,
    0.33,
    0.335,
    0.315,
    0.33,
    0.35,
    0.33,
    0.36,
    0.345,
    0.31,
    0.35,
    0.3,
    0.305,
    0.335,
    0.355,
    0.325,
    0.325,
    0.305,
    0.35,
    0.335,
    0.345,
    0.33,
    0.32,
    0.34,
    0.36,
    0.315,
    0.355,
    0.335,
    0.325,
    0.31,
    0.335,
    0.32,
    0.33,
    0.355,
    0.32,
    0.33,
    0.345,
    0.355,
    0.32,
    0.325,
    0.34,
    0.33,
    0.365,
    0.345,
    0.33,
    0.345,
    0.335,
    0.335,
    0.375,
    0.315,
    0.345,
    0.34,
    0.345,
    0.35,
    0.355,
    0.345,
    0.305,
    0.33,
    0.315,
    0.335,
    0.345,
    0.345,
    0.33,
    0.335,
    0.365,
    0.345,
    0.33,
    0.345,
    0.345,
    0.31,
    0.32,
    0.31,
    0.33,
    0.335,
    0.305,
    0.355,
    0.31,
    0.345,
    0.365,
    0.32,
    0.335,
    0.33,
    0.405,
    0.36,
    0.325,
    0.345,
    0.36,
    0.35,
    0.37,
    0.325,
    0.32,
    0.34,
    0.33,
    0.33,
    0.345,
    0.355,
    0.31,
    0.335,
    0.315,
    0.345,
    0.355,
    0.31,
    0.345,
    0.33,
    0.305,
    0.33,
    0.32,
    0.36,
    0.295,
    0.335,
    0.3,
    0.355,
    0.35,
    0.315,
    0.32,
    0.33,
    0.305,
    0.32,
    0.345,
    0.355,
    0.375,
    0.325,
    0.35,
    0.36,
    0.325,
    0.33,
    0.385,
    0.305,
    0.335,
    0.34,
    0.34,
    0.395,
    0.315,
    0.34,
    0.325,
    0.35,
    0.34
  ],
  "generations": 300,
  "opponent": "alphabeta",
  "opponent_depth": 2,
  "games_per_eval": 200
}