{
  "run_id": 3,
  "completed_at_utc": "2026-03-14T09:01:51Z",
  "best_win_rate": 0.3,
  "best_weights": [
    3.068545429920017,
    4.721540845010486,
    27.988174519752718,
    -12.377785792208996,
    12.5874931983141,
    22.89599123583534,
    7.117274963262905,
    4.368123683772569,
    8.057235973136212,
    41.741293140123695,
    -28.52144311754656,
    -38.2956232290847,
    40.50981102447733,
    13.358801074374963
  ],
  "fitness_log": [
    0.225,
    0.275,
    0.29,
    0.28,
    0.27,
    0.3,
    0.295,
    0.34,
    0.355,
    0.33,
    0.345,
    0.335,
    0.33,
    0.295,
    0.335,
    0.315,
    0.33,
    0.32,
    0.3,
    0.325,
    0.365,
    0.29,
    0.345,
    0.305,
    0.35,
    0.315,
    0.325,
    0.34,
    0.34,
    0.31,
    0.315,
    0.335,
    0.33,
    0.32,
    0.34,
    0.325,
    0.36,
    0.355,
    0.355,
    0.325,
    0.345,
    0.345,
    0.335,
    0.325,
    0.315,
    0.29,
    0.35,
    0.345,
    0.335,
    0.3,
    0.36,
    0.31,
    0.355,
    0.325,
    0.3,
    0.305,
    0.295,
    0.355,
    0.285,
    0.355,
    0.32,
    0.34,
    0.335,
    0.325,
    0.305,
    0.36,
    0.375,
    0.35,
    0.325,
    0.355,
    0.33,
    0.36,
    0.375,
    0.33,
    0.34,
    0.325,
    0.31,
    0.33,
    0.325,
    0.33,
    0.35,
    0.34,
    0.335,
    0.345,
    0.325,
    0.365,
    0.375,
    0.365,
    0.375,
    0.32,
    0.33,
    0.33,
    0.35,
    0.305,
    0.34,
    0.32,
    0.32,
    0.33,
    0.32,
    0.355,
    0.32,
    0.34,
    0.325,
    0.325,
    0.34,
    0.35,
    0.33,
    0.35,
    0.36,
    0.34,
    0.375,
    0.34,
    0.325,
    0.31,
    0.335,
    0.345,
    0.365,
    0.315,
    0.34,
    0.31,
    0.3,
    0.36,
    0.325,
    0.33,
    0.32,
    0.325,
    0.33,
    0.355,
    0.35,
    0.34,
    0.355,
    0.37,
    0.37,
    0.37,
    0.365,
    0.385,
    0.335,
    0.315,
    0.385,
    0.33,
    0.34,
    0.35,
    0.37,
    0.35,
    0.405,
    0.335,
    0.35,
    0.36,
    0.35,
    0.31,
    0.355,
    0.355,
    0.36,
    0.345,
    0.39,
    0.335,
    0.355,
    0.325,
    0.345,
    0.31,
    0.365,
    0.37,
    0.345,
    0.345,
    0.355,
    0.36,
    0.31,
    0.34,
    0.34,
    0.34,
    0.335,
    0.315,
    0.335,
    0.335,
    0.335,
    0.355,
    0.355,
    0.35,
    0.335,
    0.315,
    0.37,
    0.355,
    0.36,
    0.33,
    0.33,
    0.35,
    0.36,
    0.34,
    0.34,
    0.36,
    0.31,
    0.3,
    0.34,
    0.34,
    0.355,
    0.335,
    0.325,
    0.335,
    0.34,
    0.33,
    0.34,
    0.345,
    0.34,
    0.36,
    0.355,
    0.335,
    0.38,
    0.335,
    0.34,
    0.385,
    0.37,
    0.395,
    0.33,
    0.35,
    0.36,
    0.375,
    0.325,
    0.34,
    0.35,
    0.345,
    0.385,
    0.36,
    0.3,
    0.33,
    0.36,
    0.34,
    0.34,
    0.335,
    0.37,
    0.34,
    0.325,
    0.345,
    0.335,
    0.355,
    0.32,
    0.34,
    0.315,
    0.335,
    0.315,
    0.34,
    0.355,
    0.355,
    0.33,
    0.345,
    0.32,
    0.34,
    0.325,
    0.325,
    0.295,
    0.325,
    0.335,
    0.315,
    0.315,
    0.33,
    0.305,
    0.36,
    0.34,
    0.335,
    0.34,
    0.31,
    0.315,
    0.295,
    0.38,
    0.325,
    0.33,
    0.3,
    0.33,
    0.345,
    0.31,
    0.32,
    0.335,
    0.32,
    0.345,
    0.315,
    0.33,
    0.31,
    0.33,
    0.375,
    0.35,
    0.325,
    0.35,
    0.325,
    0.36,
    0.34,
    0.355,
    0.315,
    0.335,
    0.325,
    0.33,
    0.34,
    0.32,
    0.305,
    0.355,
    0.345,
    0.335,
    0.335,
    0.33,
    0.345,
    0.325,
    0.35
  ],
  "generations": 300,
  "opponent": "alphabeta",
  "opponent_depth": 2,
  "games_per_eval": 200
}