{
  "run_id": 22,
  "completed_at_utc": "2026-03-14T09:18:58Z",
  "best_win_rate": 0.34,
  "best_weights": [
    7.158502972784399,
    22.298121820494465,
    16.99377842811522,
    -16.837642690757672,
    2.508598203516243,
    2.1070374972445003,
    8.639402656231953,
    4.027115050329698,
    -25.120498466092855,
    2.376785861978119,
    -10.545091194032635,
    13.20114662708415,
    14.45146830227734,
    11.492250375808647
  ],
  "fitness_log": [
    0.245,
    0.265,
    0.235,
    0.29,
    0.295,
    0.305,
    0.285,
    0.29,
    0.275,
    0.3,
    0.35,
    0.265,
    0.305,
    0.3,
    0.315,
    0.335,
    0.33,
    0.32,
    0.345,
    0.325,
    0.355,
    0.33,
    0.335,
    0.315,
    0.34,
    0.325,
    0.375,
    0.335,
    0.33,
    0.365,
    0.3,
    0.365,
    0.305,
    0.34,
    0.34,
    0.325,
    0.335,
    0.37,
    0.335,
    0.295,
    0.34,
    0.33,
    0.35,
    0.34,
    0.345,
    0.37,
    0.355,
    0.325,
    0.335,
    0.355,
    0.35,
    0.305,
    0.32,
    0.335,
    0.32,
    0.355,
    0.34,
    0.325,
    0.3,
    0.335,
    0.35,
    0.33,
    0.345,
    0.35,
    0.33,
    0.335,
    0.31,
    0.32,
    0.345,
    0.31,
    0.33,
    0.365,
    0.33,
    0.36,
    0.38,
    0.34,
    0.33,
    0.355,
    0.31,
    0.35,
    0.39,
    0.33,
    0.365,
    0.35,
    0.33,
    0.375,
    0.34,
    0.355,
    0.3,
    0.375,
    0.33,
    0.34,
    0.385,
    0.355,
    0.33,
    0.355,
    0.34,
    0.345,
    0.335,
    0.345,
    0.375,
    0.325,
    0.32,
    0.32,
    0.355,
    0.345,
    0.32,
    0.355,
    0.34,
    0.325,
    0.335,
    0.36,
    0.31,
    0.365,
    0.33,
    0.325,
    0.335,
    0.35,
    0.34,
    0.345,
    0.355,
    0.33,
    0.33,
    0.31,
    0.34,
    0.345,
    0.33,
    0.335,
    0.32,
    0.345,
    0.365,
    0.34,
    0.31,
    0.335,
    0.31,
    0.33,
    0.305,
    0.355,
    0.315,
    0.31,
    0.365,
    0.325,
    0.31,
    0.36,
    0.34,
    0.305,
    0.325,
    0.355,
    0.365,
    0.335,
    0.345,
    0.38,
    0.315,
    0.335,
    0.325,
    0.34,
    0.36,
    0.375,
    0.36,
    0.325,
    0.33,
    0.34,
    0.325,
    0.33,
    0.36,
    0.31,
    0.31,
    0.345,
    0.32,
    0.31,
    0.345,
    0.305,
    0.37,
    0.34,
    0.35,
    0.3,
    0.33,
    0.365,
    0.295,
    0.355,
    0.29,
    0.33,
    0.34,
    0.31,
    0.355,
    0.37,
    0.32,
    0.325,
    0.375,
    0.325,
    0.33,
    0.355,
    0.355,
    0.32,
    0.335,
    0.33,
    0.35,
    0.345,
    0.35,
    0.325,
    0.37,
    0.325,
    0.34,
    0.35,
    0.315,
    0.335,
    0.35,
    0.345,
    0.3,
    0.35,
    0.335,
    0.33,
    0.35,
    0.285,
    0.355,
    0.295,
    0.39,
    0.335,
    0.33,
    0.355,
    0.31,
    0.325,
    0.335,
    0.29,
    0.365,
    0.33,
    0.335,
    0.33,
    0.325,
    0.315,
    0.37,
    0.31,
    0.35,
    0.31,
    0.34,
    0.32,
    0.335,
    0.345,
    0.31,
    0.39,
    0.35,
    0.325,
    0.36,
    0.33,
    0.315,
    0.31,
    0.325,
    0.295,
    0.36,
    0.31,
    0.305,
    0.32,
    0.315,
    0.315,
    0.365,
    0.36,
    0.355,
    0.34,
    0.345,
    0.345,
    0.355,
    0.33,
    0.34,
    0.34,
    0.325,
    0.325,
    0.335,
    0.36,
    0.355,
    0.345,
    0.31,
    0.33,
    0.33,
    0.34,
    0.335,
    0.345,
    0.33,
    0.345,
    0.3,
    0.335,
    0.335,
    0.43,
    0.32,
    0.315,
    0.315,
    0.345,
    0.28,
    0.34,
    0.32,
    0.34,
    0.335,
    0.37,
    0.36,
    0.295,
    0.355,
    0.355,
    0.325,
    0.33,
    0.33,
    0.355
  ],
  "generations": 300,
  "opponent": "alphabeta",
  "opponent_depth": 2,
  "games_per_eval": 200
}