{
  "run_id": 28,
  "completed_at_utc": "2026-03-14T09:56:57Z",
  "best_win_rate": 0.275,
  "best_weights": [
    14.510053801563005,
    31.744269637396513,
    22.499756112675428,
    28.34966818189479,
    71.84936505429214,
    34.66916529366615,
    11.885932927725971,
    0.4046860628377189,
    4.815433214344571,
    21.279782249051067,
    -3.745596273115568,
    6.284735426854165,
    -25.72827173407532,
    31.880542748422254
  ],
  "fitness_log": [
    0.26,
    0.265,
    0.245,
    0.31,
    0.25,
    0.295,
    0.335,
    0.32,
    0.31,
    0.285,
    0.31,
    0.33,
    0.345,
    0.31,
    0.345,
    0.315,
    0.31,
    0.34,
    0.305,
    0.29,
    0.32,
    0.36,
    0.31,
    0.3,
    0.315,
    0.305,
    0.305,
    0.325,
    0.325,
    0.3,
    0.305,
    0.31,
    0.31,
    0.275,
    0.295,
    0.315,
    0.295,
    0.3,
    0.295,
    0.33,
    0.29,
    0.385,
    0.33,
    0.335,
    0.31,
    0.28,
    0.325,
    0.325,
    0.34,
    0.325,
    0.315,
    0.34,
    0.285,
    0.355,
    0.295,
    0.36,
    0.36,
    0.315,
    0.32,
    0.335,
    0.355,
    0.31,
    0.335,
    0.32,
    0.31,
    0.31,
    0.375,
    0.31,
    0.32,
    0.365,
    0.29,
    0.36,
    0.33,
    0.295,
    0.35,
    0.365,
    0.355,
    0.305,
    0.36,
    0.31,
    0.285,
    0.305,
    0.29,
    0.31,
    0.3,
    0.295,
    0.315,
    0.37,
    0.35,
    0.325,
    0.335,
    0.33,
    0.35,
    0.295,
    0.335,
    0.37,
    0.31,
    0.325,
    0.31,
    0.325,
    0.305,
    0.315,
    0.38,
    0.345,
    0.33,
    0.32,
    0.335,
    0.37,
    0.365,
    0.36,
    0.315,
    0.325,
    0.34,
    0.32,
    0.325,
    0.345,
    0.34,
    0.345,
    0.35,
    0.34,
    0.32,
    0.35,
    0.37,
    0.345,
    0.34,
    0.33,
    0.345,
    0.36,
    0.31,
    0.34,
    0.325,
    0.325,
    0.355,
    0.315,
    0.31,
    0.325,
    0.325,
    0.32,
    0.315,
    0.335,
    0.325,
    0.355,
    0.355,
    0.37,
    0.355,
    0.375,
    0.395,
    0.37,
    0.35,
    0.345,
    0.35,
    0.375,
    0.355,
    0.36,
    0.36,
    0.33,
    0.365,
    0.355,
    0.385,
    0.355,
    0.33,
    0.335,
    0.315,
    0.345,
    0.325,
    0.31,
    0.385,
    0.35,
    0.375,
    0.34,
    0.33,
    0.31,
    0.3,
    0.29,
    0.335,
    0.325,
    0.325,
    0.36,
    0.365,
    0.345,
    0.33,
    0.32,
    0.32,
    0.355,
    0.345,
    0.35,
    0.315,
    0.31,
    0.32,
    0.39,
    0.325,
    0.345,
    0.32,
    0.335,
    0.33,
    0.31,
    0.375,
    0.31,
    0.355,
    0.37,
    0.315,
    0.39,
    0.305,
    0.335,
    0.32,
    0.35,
    0.335,
    0.32,
    0.34,
    0.34,
    0.325,
    0.355,
    0.335,
    0.32,
    0.375,
    0.35,
    0.35,
    0.355,
    0.34,
    0.34,
    0.35,
    0.315,
    0.325,
    0.32,
    0.305,
    0.39,
    0.31,
    0.305,
    0.31,
    0.375,
    0.35,
    0.285,
    0.36,
    0.3,
    0.345,
    0.335,
    0.35,
    0.355,
    0.32,
    0.36,
    0.34,
    0.33,
    0.355,
    0.325,
    0.36,
    0.31,
    0.345,
    0.35,
    0.34,
    0.36,
    0.34,
    0.31,
    0.33,
    0.325,
    0.34,
    0.36,
    0.385,
    0.36,
    0.35,
    0.35,
    0.345,
    0.315,
    0.34,
    0.325,
    0.31,
    0.335,
    0.33,
    0.365,
    0.36,
    0.38,
    0.34,
    0.36,
    0.33,
    0.335,
    0.405,
    0.32,
    0.32,
    0.37,
    0.345,
    0.335,
    0.335,
    0.34,
    0.335,
    0.35,
    0.345,
    0.39,
    0.365,
    0.34,
    0.34,
    0.32,
    0.365,
    0.315,
    0.375,
    0.33,
    0.34,
    0.335,
    0.395,
    0.38,
    0.37,
    0.34
  ],
  "generations": 300,
  "opponent": "alphabeta",
  "opponent_depth": 2,
  "games_per_eval": 200
}