{
  "run_id": 10,
  "best_win_rate": 0.8,
  "best_weights": [
    -1.4310287763726415,
    4.152838589418159,
    1.4451225628289022,
    1.5189883085581517,
    -2.283429976681477,
    2.1766770132324607,
    1.577115416837463,
    1.8859933761628072,
    -2.0923745071795206,
    0.45869963078705994,
    -0.0031413781410750685,
    3.539141403519968,
    0.5979383691555283,
    1.0250575933621793
  ],
  "fitness_log": [
    0.5,
    0.8,
    0.7,
    0.6,
    0.5,
    0.7,
    0.7,
    0.6,
    0.8,
    0.7,
    0.9,
    0.7,
    0.6,
    0.8,
    0.8,
    0.8,
    0.7,
    0.8,
    0.8,
    0.8,
    0.7,
    0.6,
    0.9,
    0.7,
    0.8,
    0.7,
    0.8,
    0.8,
    0.8,
    0.6,
    0.8,
    0.9,
    0.8,
    0.7,
    0.8,
    0.8,
    0.8,
    0.9,
    0.7,
    0.9,
    0.8,
    0.8,
    0.7,
    0.8,
    0.8,
    0.8,
    1.0,
    0.9,
    0.9,
    0.8,
    0.8,
    0.7,
    0.9,
    0.8,
    0.9,
    0.7,
    0.8,
    0.8,
    0.9,
    0.8,
    0.8,
    1.0,
    1.0,
    1.0,
    1.0,
    0.9,
    0.7,
    0.8,
    0.9,
    0.8,
    0.9,
    0.8,
    1.0,
    0.9,
    0.8,
    0.9,
    0.8,
    0.8,
    0.9,
    0.9,
    0.9,
    0.8,
    0.9,
    0.8,
    1.0,
    0.9,
    0.9,
    0.9,
    1.0,
    0.9
  ],
  "generations": 90,
  "opponent": "greedyvalue",
  "games_per_eval": 10
}