{
  "run_id": 3,
  "best_win_rate": 0.6,
  "best_weights": [
    -0.8548471456990556,
    0.1597670556243187,
    1.3548923165045674,
    1.1909460485719914,
    1.6929482274052925,
    0.8816716005384613,
    -1.6431098862190607,
    0.5825556335811524,
    0.710057923333287,
    2.483891861200763,
    1.2274870008874894,
    4.347482601866836,
    -0.3344991514290254,
    -0.11101534699299354
  ],
  "fitness_log": [
    0.6,
    0.6,
    0.9,
    0.8,
    0.8,
    0.9,
    0.8,
    0.8,
    0.7,
    1.0,
    0.9,
    0.9,
    0.8,
    0.9,
    0.9,
    1.0,
    0.8,
    0.9,
    0.9,
    1.0,
    0.9,
    0.8,
    1.0,
    1.0,
    0.9,
    0.9,
    1.0,
    0.9,
    0.9,
    0.9,
    0.9,
    0.9,
    0.9,
    1.0,
    1.0,
    0.9,
    0.9,
    0.9,
    0.8,
    0.8,
    0.9,
    0.9,
    0.9,
    0.9,
    1.0,
    0.9,
    0.9,
    0.9,
    0.9,
    0.9,
    0.9,
    1.0,
    0.8,
    0.8,
    1.0,
    1.0,
    0.9,
    0.9,
    0.9,
    0.9,
    1.0,
    0.9,
    0.8,
    0.9,
    0.9,
    0.9,
    0.9,
    1.0,
    1.0,
    0.9,
    1.0,
    0.9,
    1.0,
    0.9,
    0.8,
    1.0,
    1.0,
    0.9,
    1.0,
    0.9,
    0.9,
    1.0,
    0.9,
    1.0,
    0.9,
    0.9,
    0.9,
    0.9,
    0.9,
    1.0
  ],
  "generations": 90,
  "opponent": "greedyvalue",
  "games_per_eval": 10
}