{
  "run_id": 12,
  "best_win_rate": 0.4,
  "best_weights": [
    2.311087214355361,
    0.8889336926753713,
    3.485243513067668,
    3.475598896048535,
    -0.5958553775816847,
    2.5387937588171026,
    -0.05883195285987941,
    1.2075926046406014,
    -0.8219399595216443,
    -1.9517967563503584,
    0.27400346992812574,
    -0.8991890025900442,
    3.494722743315611,
    3.7976906968597532
  ],
  "fitness_log": [
    0.7,
    0.6,
    0.6,
    0.7,
    0.6,
    0.8,
    0.6,
    0.7,
    0.7,
    0.9,
    0.7,
    0.7,
    0.6,
    0.8,
    0.8,
    0.7,
    0.8,
    0.7,
    0.9,
    0.7,
    0.6,
    0.9,
    0.7,
    0.8,
    0.8,
    1.0,
    0.8,
    0.9,
    0.8,
    0.8,
    0.7,
    0.8,
    0.8,
    0.9,
    0.8,
    0.9,
    0.7,
    1.0,
    0.8,
    0.7,
    0.8,
    0.8,
    0.8,
    0.9,
    0.8,
    0.8,
    0.7,
    0.7,
    0.8,
    0.9,
    0.6,
    0.8,
    0.8,
    0.7,
    0.7,
    0.8,
    0.9,
    0.8,
    1.0,
    0.8,
    0.9,
    0.8,
    1.0,
    0.9,
    0.9,
    0.7,
    0.8,
    0.9,
    0.9,
    0.8,
    0.8,
    0.7,
    0.8,
    0.7,
    0.8,
    0.8,
    0.8,
    0.7,
    0.7,
    0.9,
    0.8,
    1.0,
    0.8,
    0.7,
    0.9,
    0.7,
    0.9,
    0.8,
    0.9,
    0.9
  ],
  "generations": 90,
  "opponent": "greedyvalue",
  "games_per_eval": 10
}