{
  "run_id": 21,
  "completed_at_utc": "2026-03-14T09:55:26Z",
  "best_win_rate": 0.3,
  "best_weights": [
    3.602819844793797,
    3.824808764793048,
    24.850569687209102,
    34.153698145796724,
    41.17837156576379,
    10.505182498306327,
    20.869849878279005,
    27.850690165913907,
    27.406218091113796,
    10.400361369178093,
    7.224617960531634,
    -20.67336635346498,
    -24.829375593301737,
    -2.7530183456662582
  ],
  "fitness_log": [
    0.265,
    0.3,
    0.265,
    0.285,
    0.295,
    0.27,
    0.31,
    0.28,
    0.275,
    0.27,
    0.255,
    0.25,
    0.27,
    0.25,
    0.28,
    0.305,
    0.315,
    0.275,
    0.25,
    0.275,
    0.27,
    0.25,
    0.28,
    0.25,
    0.265,
    0.28,
    0.31,
    0.25,
    0.29,
    0.275,
    0.26,
    0.29,
    0.27,
    0.275,
    0.345,
    0.29,
    0.3,
    0.295,
    0.305,
    0.28,
    0.3,
    0.28,
    0.285,
    0.27,
    0.295,
    0.35,
    0.31,
    0.29,
    0.31,
    0.295,
    0.31,
    0.28,
    0.315,
    0.335,
    0.285,
    0.265,
    0.3,
    0.285,
    0.28,
    0.28,
    0.31,
    0.29,
    0.31,
    0.305,
    0.325,
    0.315,
    0.33,
    0.325,
    0.31,
    0.315,
    0.33,
    0.285,
    0.255,
    0.29,
    0.275,
    0.295,
    0.285,
    0.315,
    0.34,
    0.33,
    0.335,
    0.32,
    0.33,
    0.33,
    0.345,
    0.325,
    0.33,
    0.315,
    0.31,
    0.345,
    0.29,
    0.31,
    0.34,
    0.38,
    0.31,
    0.325,
    0.375,
    0.36,
    0.305,
    0.34,
    0.33,
    0.3,
    0.365,
    0.325,
    0.32,
    0.31,
    0.335,
    0.33,
    0.355,
    0.325,
    0.335,
    0.345,
    0.335,
    0.365,
    0.325,
    0.345,
    0.34,
    0.375,
    0.325,
    0.355,
    0.345,
    0.355,
    0.335,
    0.33,
    0.37,
    0.365,
    0.385,
    0.35,
    0.345,
    0.345,
    0.36,
    0.34,
    0.335,
    0.345,
    0.35,
    0.385,
    0.365,
    0.31,
    0.32,
    0.36,
    0.38,
    0.34,
    0.36,
    0.33,
    0.34,
    0.335,
    0.35,
    0.325,
    0.345,
    0.36,
    0.35,
    0.36,
    0.355,
    0.325,
    0.345,
    0.36,
    0.345,
    0.32,
    0.335,
    0.335,
    0.39,
    0.365,
    0.34,
    0.335,
    0.33,
    0.34,
    0.335,
    0.325,
    0.335,
    0.32,
    0.375,
    0.325,
    0.365,
    0.35,
    0.34,
    0.36,
    0.34,
    0.325,
    0.32,
    0.345,
    0.35,
    0.31,
    0.305,
    0.36,
    0.335,
    0.365,
    0.355,
    0.34,
    0.33,
    0.35,
    0.345,
    0.34,
    0.345,
    0.375,
    0.335,
    0.38,
    0.38,
    0.34,
    0.39,
    0.33,
    0.325,
    0.36,
    0.33,
    0.39,
    0.37,
    0.365,
    0.33,
    0.34,
    0.36,
    0.32,
    0.335,
    0.395,
    0.345,
    0.35,
    0.35,
    0.35,
    0.335,
    0.355,
    0.36,
    0.37,
    0.365,
    0.34,
    0.365,
    0.335,
    0.37,
    0.385,
    0.335,
    0.385,
    0.38,
    0.35,
    0.385,
    0.355,
    0.34,
    0.345,
    0.35,
    0.37,
    0.33,
    0.335,
    0.375,
    0.355,
    0.34,
    0.35,
    0.35,
    0.34,
    0.38,
    0.35,
    0.335,
    0.345,
    0.34,
    0.335,
    0.345,
    0.34,
    0.345,
    0.34,
    0.315,
    0.345,
    0.315,
    0.325,
    0.36,
    0.355,
    0.345,
    0.335,
    0.32,
    0.355,
    0.44,
    0.37,
    0.33,
    0.345,
    0.36,
    0.36,
    0.325,
    0.34,
    0.365,
    0.35,
    0.36,
    0.355,
    0.33,
    0.365,
    0.345,
    0.335,
    0.34,
    0.34,
    0.32,
    0.355,
    0.385,
    0.345,
    0.34,
    0.335,
    0.335,
    0.355,
    0.325,
    0.34,
    0.365,
    0.35,
    0.345,
    0.33,
    0.315,
    0.34,
    0.395,
    0.375
  ],
  "generations": 300,
  "opponent": "alphabeta",
  "opponent_depth": 2,
  "games_per_eval": 200
}