{
  "run_id": 16,
  "best_win_rate": 0.7,
  "best_weights": [
    -0.5016619781711497,
    2.3727997479900433,
    0.28482471531283016,
    1.484220137387866,
    -0.6434032281645777,
    0.06924822707390757,
    1.8582685133355887,
    1.1173246811715076,
    0.802633506900688,
    -0.08807719151648591,
    0.6431652580548839,
    -0.6090270812821714,
    0.5077575310667973,
    0.6007279760103988
  ],
  "fitness_log": [
    0.8,
    0.7,
    0.8,
    0.9,
    0.9,
    0.9,
    0.8,
    0.8,
    0.9,
    0.8,
    0.7,
    0.8,
    0.8,
    0.8,
    0.8,
    0.9,
    1.0,
    0.8,
    0.9,
    0.9,
    0.8,
    0.9,
    0.9,
    0.8,
    0.9,
    0.7,
    0.9,
    0.8,
    0.9,
    0.9,
    0.8,
    0.9,
    0.8,
    0.9,
    0.9,
    0.9,
    0.8,
    0.6,
    0.9,
    0.9,
    1.0,
    0.9,
    0.8,
    0.8,
    0.9,
    0.8,
    0.8,
    0.8,
    0.8,
    0.8,
    0.8,
    0.9,
    0.9,
    0.7,
    0.9,
    0.9,
    0.7,
    0.9,
    0.8,
    0.9,
    0.8,
    0.8,
    0.8,
    1.0,
    0.9,
    0.9,
    0.8,
    0.9,
    1.0,
    0.8,
    1.0,
    0.9,
    0.9,
    1.0,
    1.0,
    0.9,
    1.0,
    0.9,
    0.9,
    1.0,
    0.9,
    1.0,
    0.9,
    1.0,
    0.9,
    1.0,
    0.9,
    0.9,
    0.9,
    0.9
  ],
  "generations": 90,
  "opponent": "greedyvalue",
  "games_per_eval": 10
}