{
  "run_id": 14,
  "best_win_rate": 0.9,
  "best_weights": [
    -6.734995877977647,
    9.143450056801749,
    5.559323528651197,
    1.9535414644335254,
    1.623235699078018,
    0.04651583483914601,
    4.568394035542744,
    0.6845809636249858,
    0.04139384484156294,
    -0.14863678419044746,
    -4.503612660715628,
    -5.270239235912677,
    -3.225515414301732,
    2.9072610176855
  ],
  "fitness_log": [
    0.7,
    0.7,
    0.9,
    0.8,
    0.7,
    0.8,
    0.8,
    0.8,
    0.7,
    0.7,
    0.8,
    0.8,
    0.8,
    0.9,
    0.8,
    0.7,
    0.8,
    0.9,
    0.9,
    0.9,
    0.9,
    0.8,
    0.8,
    0.9,
    0.8,
    0.8,
    0.9,
    0.7,
    0.9,
    0.7,
    0.8,
    0.8,
    0.8,
    0.8,
    0.8,
    0.9,
    0.8,
    0.8,
    0.8,
    0.9,
    0.8,
    0.9,
    0.9,
    0.7,
    0.9,
    0.9,
    0.8,
    0.8,
    0.8,
    0.8,
    0.8,
    0.9,
    0.8,
    0.7,
    0.8,
    1.0,
    0.8,
    0.8,
    0.8,
    0.9,
    0.9,
    0.8,
    0.9,
    0.9,
    1.0,
    0.8,
    0.8,
    0.7,
    0.8,
    1.0,
    0.6,
    0.8,
    0.9,
    0.8,
    0.8,
    0.9,
    0.8,
    0.8,
    0.7,
    0.9,
    0.8,
    0.9,
    0.9,
    0.7,
    0.9,
    0.9,
    0.8,
    0.9,
    0.9,
    0.9
  ],
  "generations": 90,
  "opponent": "greedyvalue",
  "games_per_eval": 10
}